,Nat_Dex,Name,Type,Files
0,#001,Bulbasaur,Grass,Grass-001Bulbasaur.png
1,#001,Bulbasaur,Poison,Poison-001Bulbasaur.png
2,#002,Ivysaur,Grass,Grass-002Ivysaur.png
3,#002,Ivysaur,Poison,Poison-002Ivysaur.png
4,#003,Venusaur,Grass,Grass-003Venusaur.png
5,#003,Venusaur,Poison,Poison-003Venusaur.png
6,#004,Charmander,Fire,Fire-004Charmander.png
7,#005,Charmeleon,Fire,Fire-005Charmeleon.png
8,#006,Charizard,Fire,Fire-006Charizard.png
9,#006,Charizard,Flying,Flying-006Charizard.png
10,#007,Squirtle,Water,Water-007Squirtle.png
11,#008,Wartortle,Water,Water-008Wartortle.png
12,#009,Blastoise,Water,Water-009Blastoise.png
13,#010,Caterpie,Bug,Bug-010Caterpie.png
14,#011,Metapod,Bug,Bug-011Metapod.png
15,#012,Butterfree,Bug,Bug-012Butterfree.png
16,#012,Butterfree,Flying,Flying-012Butterfree.png
17,#013,Weedle,Bug,Bug-013Weedle.png
18,#013,Weedle,Poison,Poison-013Weedle.png
19,#014,Kakuna,Bug,Bug-014Kakuna.png
20,#014,Kakuna,Poison,Poison-014Kakuna.png
21,#015,Beedrill,Bug,Bug-015Beedrill.png
22,#015,Beedrill,Poison,Poison-015Beedrill.png
23,#016,Pidgey,Normal,Normal-016Pidgey.png
24,#016,Pidgey,Flying,Flying-016Pidgey.png
25,#017,Pidgeotto,Normal,Normal-017Pidgeotto.png
26,#017,Pidgeotto,Flying,Flying-017Pidgeotto.png
27,#018,Pidgeot,Normal,Normal-018Pidgeot.png
28,#018,Pidgeot,Flying,Flying-018Pidgeot.png
29,#019,Rattata,Normal,Normal-019Rattata.png
30,#020,Raticate,Normal,Normal-020Raticate.png
31,#021,Spearow,Normal,Normal-021Spearow.png
32,#021,Spearow,Flying,Flying-021Spearow.png
33,#022,Fearow,Normal,Normal-022Fearow.png
34,#022,Fearow,Flying,Flying-022Fearow.png
35,#023,Ekans,Poison,Poison-023Ekans.png
36,#024,Arbok,Poison,Poison-024Arbok.png
37,#025,Pikachu,Electric,Electric-025Pikachu.png
38,#026,Raichu,Electric,Electric-026Raichu.png
39,#027,Sandshrew,Ground,Ground-027Sandshrew.png
40,#028,Sandslash,Ground,Ground-028Sandslash.png
41,#029,Nidoran♀,Poison,Poison-029Nidoran.png
42,#030,Nidorina,Poison,Poison-030Nidorina.png
43,#031,Nidoqueen,Poison,Poison-031Nidoqueen.png
44,#031,Nidoqueen,Ground,Ground-031Nidoqueen.png
45,#032,Nidoran♂,Poison,Poison-032Nidoran.png
46,#033,Nidorino,Poison,Poison-033Nidorino.png
47,#034,Nidoking,Poison,Poison-034Nidoking.png
48,#034,Nidoking,Ground,Ground-034Nidoking.png
49,#035,Clefairy,Fairy,Fairy-035Clefairy.png
50,#036,Clefable,Fairy,Fairy-036Clefable.png
51,#037,Vulpix,Fire,Fire-037Vulpix.png
52,#038,Ninetales,Fire,Fire-038Ninetales.png
53,#039,Jigglypuff,Normal,Normal-039Jigglypuff.png
54,#039,Jigglypuff,Fairy,Fairy-039Jigglypuff.png
55,#040,Wigglytuff,Normal,Normal-040Wigglytuff.png
56,#040,Wigglytuff,Fairy,Fairy-040Wigglytuff.png
57,#041,Zubat,Poison,Poison-041Zubat.png
58,#041,Zubat,Flying,Flying-041Zubat.png
59,#042,Golbat,Poison,Poison-042Golbat.png
60,#042,Golbat,Flying,Flying-042Golbat.png
61,#043,Oddish,Grass,Grass-043Oddish.png
62,#043,Oddish,Poison,Poison-043Oddish.png
63,#044,Gloom,Grass,Grass-044Gloom.png
64,#044,Gloom,Poison,Poison-044Gloom.png
65,#045,Vileplume,Grass,Grass-045Vileplume.png
66,#045,Vileplume,Poison,Poison-045Vileplume.png
67,#046,Paras,Bug,Bug-046Paras.png
68,#046,Paras,Grass,Grass-046Paras.png
69,#047,Parasect,Bug,Bug-047Parasect.png
70,#047,Parasect,Grass,Grass-047Parasect.png
71,#048,Venonat,Bug,Bug-048Venonat.png
72,#048,Venonat,Poison,Poison-048Venonat.png
73,#049,Venomoth,Bug,Bug-049Venomoth.png
74,#049,Venomoth,Poison,Poison-049Venomoth.png
75,#050,Diglett,Ground,Ground-050Diglett.png
76,#051,Dugtrio,Ground,Ground-051Dugtrio.png
77,#052,Meowth,Normal,Normal-052Meowth.png
78,#053,Persian,Normal,Normal-053Persian.png
79,#054,Psyduck,Water,Water-054Psyduck.png
80,#055,Golduck,Water,Water-055Golduck.png
81,#056,Mankey,Fighting,Fighting-056Mankey.png
82,#057,Primeape,Fighting,Fighting-057Primeape.png
83,#058,Growlithe,Fire,Fire-058Growlithe.png
84,#059,Arcanine,Fire,Fire-059Arcanine.png
85,#060,Poliwag,Water,Water-060Poliwag.png
86,#061,Poliwhirl,Water,Water-061Poliwhirl.png
87,#062,Poliwrath,Water,Water-062Poliwrath.png
88,#062,Poliwrath,Fighting,Fighting-062Poliwrath.png
89,#063,Abra,Psychic,Psychic-063Abra.png
90,#064,Kadabra,Psychic,Psychic-064Kadabra.png
91,#065,Alakazam,Psychic,Psychic-065Alakazam.png
92,#066,Machop,Fighting,Fighting-066Machop.png
93,#067,Machoke,Fighting,Fighting-067Machoke.png
94,#068,Machamp,Fighting,Fighting-068Machamp.png
95,#069,Bellsprout,Grass,Grass-069Bellsprout.png
96,#069,Bellsprout,Poison,Poison-069Bellsprout.png
97,#070,Weepinbell,Grass,Grass-070Weepinbell.png
98,#070,Weepinbell,Poison,Poison-070Weepinbell.png
99,#071,Victreebel,Grass,Grass-071Victreebel.png
100,#071,Victreebel,Poison,Poison-071Victreebel.png
101,#072,Tentacool,Water,Water-072Tentacool.png
102,#072,Tentacool,Poison,Poison-072Tentacool.png
103,#073,Tentacruel,Water,Water-073Tentacruel.png
104,#073,Tentacruel,Poison,Poison-073Tentacruel.png
105,#074,Geodude,Rock,Rock-074Geodude.png
106,#074,Geodude,Ground,Ground-074Geodude.png
107,#075,Graveler,Rock,Rock-075Graveler.png
108,#075,Graveler,Ground,Ground-075Graveler.png
109,#076,Golem,Rock,Rock-076Golem.png
110,#076,Golem,Ground,Ground-076Golem.png
111,#077,Ponyta,Fire,Fire-077Ponyta.png
112,#078,Rapidash,Fire,Fire-078Rapidash.png
113,#079,Slowpoke,Water,Water-079Slowpoke.png
114,#079,Slowpoke,Psychic,Psychic-079Slowpoke.png
115,#080,Slowbro,Water,Water-080Slowbro.png
116,#080,Slowbro,Psychic,Psychic-080Slowbro.png
117,#081,Magnemite,Electric,Electric-081Magnemite.png
118,#081,Magnemite,Steel,Steel-081Magnemite.png
119,#082,Magneton,Electric,Electric-082Magneton.png
120,#082,Magneton,Steel,Steel-082Magneton.png
121,#083,Farfetch'd,Normal,Normal-083Farfetch%27d.png
122,#083,Farfetch'd,Flying,Flying-083Farfetch%27d.png
123,#084,Doduo,Normal,Normal-084Doduo.png
124,#084,Doduo,Flying,Flying-084Doduo.png
125,#085,Dodrio,Normal,Normal-085Dodrio.png
126,#085,Dodrio,Flying,Flying-085Dodrio.png
127,#086,Seel,Water,Water-086Seel.png
128,#087,Dewgong,Water,Water-087Dewgong.png
129,#087,Dewgong,Ice,Ice-087Dewgong.png
130,#088,Grimer,Poison,Poison-088Grimer.png
131,#089,Muk,Poison,Poison-089Muk.png
132,#090,Shellder,Water,Water-090Shellder.png
133,#091,Cloyster,Water,Water-091Cloyster.png
134,#091,Cloyster,Ice,Ice-091Cloyster.png
135,#092,Gastly,Ghost,Ghost-092Gastly.png
136,#092,Gastly,Poison,Poison-092Gastly.png
137,#093,Haunter,Ghost,Ghost-093Haunter.png
138,#093,Haunter,Poison,Poison-093Haunter.png
139,#094,Gengar,Ghost,Ghost-094Gengar.png
140,#094,Gengar,Poison,Poison-094Gengar.png
141,#095,Onix,Rock,Rock-095Onix.png
142,#095,Onix,Ground,Ground-095Onix.png
143,#096,Drowzee,Psychic,Psychic-096Drowzee.png
144,#097,Hypno,Psychic,Psychic-097Hypno.png
145,#098,Krabby,Water,Water-098Krabby.png
146,#099,Kingler,Water,Water-099Kingler.png
147,#100,Voltorb,Electric,Electric-100Voltorb.png
148,#101,Electrode,Electric,Electric-101Electrode.png
149,#102,Exeggcute,Grass,Grass-102Exeggcute.png
150,#102,Exeggcute,Psychic,Psychic-102Exeggcute.png
151,#103,Exeggutor,Grass,Grass-103Exeggutor.png
152,#103,Exeggutor,Psychic,Psychic-103Exeggutor.png
153,#104,Cubone,Ground,Ground-104Cubone.png
154,#105,Marowak,Ground,Ground-105Marowak.png
155,#106,Hitmonlee,Fighting,Fighting-106Hitmonlee.png
156,#107,Hitmonchan,Fighting,Fighting-107Hitmonchan.png
157,#108,Lickitung,Normal,Normal-108Lickitung.png
158,#109,Koffing,Poison,Poison-109Koffing.png
159,#110,Weezing,Poison,Poison-110Weezing.png
160,#111,Rhyhorn,Ground,Ground-111Rhyhorn.png
161,#111,Rhyhorn,Rock,Rock-111Rhyhorn.png
162,#112,Rhydon,Ground,Ground-112Rhydon.png
163,#112,Rhydon,Rock,Rock-112Rhydon.png
164,#113,Chansey,Normal,Normal-113Chansey.png
165,#114,Tangela,Grass,Grass-114Tangela.png
166,#115,Kangaskhan,Normal,Normal-115Kangaskhan.png
167,#116,Horsea,Water,Water-116Horsea.png
168,#117,Seadra,Water,Water-117Seadra.png
169,#118,Goldeen,Water,Water-118Goldeen.png
170,#119,Seaking,Water,Water-119Seaking.png
171,#120,Staryu,Water,Water-120Staryu.png
172,#121,Starmie,Water,Water-121Starmie.png
173,#121,Starmie,Psychic,Psychic-121Starmie.png
174,#122,Mr. Mime,Psychic,Psychic-122Mr._Mime.png
175,#122,Mr. Mime,Fairy,Fairy-122Mr._Mime.png
176,#123,Scyther,Bug,Bug-123Scyther.png
177,#123,Scyther,Flying,Flying-123Scyther.png
178,#124,Jynx,Ice,Ice-124Jynx.png
179,#124,Jynx,Psychic,Psychic-124Jynx.png
180,#125,Electabuzz,Electric,Electric-125Electabuzz.png
181,#126,Magmar,Fire,Fire-126Magmar.png
182,#127,Pinsir,Bug,Bug-127Pinsir.png
183,#128,Tauros,Normal,Normal-128Tauros.png
184,#129,Magikarp,Water,Water-129Magikarp.png
185,#130,Gyarados,Water,Water-130Gyarados.png
186,#130,Gyarados,Flying,Flying-130Gyarados.png
187,#131,Lapras,Water,Water-131Lapras.png
188,#131,Lapras,Ice,Ice-131Lapras.png
189,#132,Ditto,Normal,Normal-132Ditto.png
190,#133,Eevee,Normal,Normal-133Eevee.png
191,#134,Vaporeon,Water,Water-134Vaporeon.png
192,#135,Jolteon,Electric,Electric-135Jolteon.png
193,#136,Flareon,Fire,Fire-136Flareon.png
194,#137,Porygon,Normal,Normal-137Porygon.png
195,#138,Omanyte,Rock,Rock-138Omanyte.png
196,#138,Omanyte,Water,Water-138Omanyte.png
197,#139,Omastar,Rock,Rock-139Omastar.png
198,#139,Omastar,Water,Water-139Omastar.png
199,#140,Kabuto,Rock,Rock-140Kabuto.png
200,#140,Kabuto,Water,Water-140Kabuto.png
201,#141,Kabutops,Rock,Rock-141Kabutops.png
202,#141,Kabutops,Water,Water-141Kabutops.png
203,#142,Aerodactyl,Rock,Rock-142Aerodactyl.png
204,#142,Aerodactyl,Flying,Flying-142Aerodactyl.png
205,#143,Snorlax,Normal,Normal-143Snorlax.png
206,#144,Articuno,Ice,Ice-144Articuno.png
207,#144,Articuno,Flying,Flying-144Articuno.png
208,#145,Zapdos,Electric,Electric-145Zapdos.png
209,#145,Zapdos,Flying,Flying-145Zapdos.png
210,#146,Moltres,Fire,Fire-146Moltres.png
211,#146,Moltres,Flying,Flying-146Moltres.png
212,#147,Dratini,Dragon,Dragon-147Dratini.png
213,#148,Dragonair,Dragon,Dragon-148Dragonair.png
214,#149,Dragonite,Dragon,Dragon-149Dragonite.png
215,#149,Dragonite,Flying,Flying-149Dragonite.png
216,#150,Mewtwo,Psychic,Psychic-150Mewtwo.png
217,#151,Mew,Psychic,Psychic-151Mew.png
218,#152,Chikorita,Grass,Grass-152Chikorita.png
219,#153,Bayleef,Grass,Grass-153Bayleef.png
220,#154,Meganium,Grass,Grass-154Meganium.png
221,#155,Cyndaquil,Fire,Fire-155Cyndaquil.png
222,#156,Quilava,Fire,Fire-156Quilava.png
223,#157,Typhlosion,Fire,Fire-157Typhlosion.png
224,#158,Totodile,Water,Water-158Totodile.png
225,#159,Croconaw,Water,Water-159Croconaw.png
226,#160,Feraligatr,Water,Water-160Feraligatr.png
227,#161,Sentret,Normal,Normal-161Sentret.png
228,#162,Furret,Normal,Normal-162Furret.png
229,#163,Hoothoot,Normal,Normal-163Hoothoot.png
230,#163,Hoothoot,Flying,Flying-163Hoothoot.png
231,#164,Noctowl,Normal,Normal-164Noctowl.png
232,#164,Noctowl,Flying,Flying-164Noctowl.png
233,#165,Ledyba,Bug,Bug-165Ledyba.png
234,#165,Ledyba,Flying,Flying-165Ledyba.png
235,#166,Ledian,Bug,Bug-166Ledian.png
236,#166,Ledian,Flying,Flying-166Ledian.png
237,#167,Spinarak,Bug,Bug-167Spinarak.png
238,#167,Spinarak,Poison,Poison-167Spinarak.png
239,#168,Ariados,Bug,Bug-168Ariados.png
240,#168,Ariados,Poison,Poison-168Ariados.png
241,#169,Crobat,Poison,Poison-169Crobat.png
242,#169,Crobat,Flying,Flying-169Crobat.png
243,#170,Chinchou,Water,Water-170Chinchou.png
244,#170,Chinchou,Electric,Electric-170Chinchou.png
245,#171,Lanturn,Water,Water-171Lanturn.png
246,#171,Lanturn,Electric,Electric-171Lanturn.png
247,#172,Pichu,Electric,Electric-172Pichu.png
248,#173,Cleffa,Fairy,Fairy-173Cleffa.png
249,#174,Igglybuff,Normal,Normal-174Igglybuff.png
250,#174,Igglybuff,Fairy,Fairy-174Igglybuff.png
251,#175,Togepi,Fairy,Fairy-175Togepi.png
252,#176,Togetic,Fairy,Fairy-176Togetic.png
253,#176,Togetic,Flying,Flying-176Togetic.png
254,#177,Natu,Psychic,Psychic-177Natu.png
255,#177,Natu,Flying,Flying-177Natu.png
256,#178,Xatu,Psychic,Psychic-178Xatu.png
257,#178,Xatu,Flying,Flying-178Xatu.png
258,#179,Mareep,Electric,Electric-179Mareep.png
259,#180,Flaaffy,Electric,Electric-180Flaaffy.png
260,#181,Ampharos,Electric,Electric-181Ampharos.png
261,#182,Bellossom,Grass,Grass-182Bellossom.png
262,#183,Marill,Water,Water-183Marill.png
263,#183,Marill,Fairy,Fairy-183Marill.png
264,#184,Azumarill,Water,Water-184Azumarill.png
265,#184,Azumarill,Fairy,Fairy-184Azumarill.png
266,#185,Sudowoodo,Rock,Rock-185Sudowoodo.png
267,#186,Politoed,Water,Water-186Politoed.png
268,#187,Hoppip,Grass,Grass-187Hoppip.png
269,#187,Hoppip,Flying,Flying-187Hoppip.png
270,#188,Skiploom,Grass,Grass-188Skiploom.png
271,#188,Skiploom,Flying,Flying-188Skiploom.png
272,#189,Jumpluff,Grass,Grass-189Jumpluff.png
273,#189,Jumpluff,Flying,Flying-189Jumpluff.png
274,#190,Aipom,Normal,Normal-190Aipom.png
275,#191,Sunkern,Grass,Grass-191Sunkern.png
276,#192,Sunflora,Grass,Grass-192Sunflora.png
277,#193,Yanma,Bug,Bug-193Yanma.png
278,#193,Yanma,Flying,Flying-193Yanma.png
279,#194,Wooper,Water,Water-194Wooper.png
280,#194,Wooper,Ground,Ground-194Wooper.png
281,#195,Quagsire,Water,Water-195Quagsire.png
282,#195,Quagsire,Ground,Ground-195Quagsire.png
283,#196,Espeon,Psychic,Psychic-196Espeon.png
284,#197,Umbreon,Dark,Dark-197Umbreon.png
285,#198,Murkrow,Dark,Dark-198Murkrow.png
286,#198,Murkrow,Flying,Flying-198Murkrow.png
287,#199,Slowking,Water,Water-199Slowking.png
288,#199,Slowking,Psychic,Psychic-199Slowking.png
289,#200,Misdreavus,Ghost,Ghost-200Misdreavus.png
290,#201,Unown,Psychic,Psychic-201Unown.png
291,#202,Wobbuffet,Psychic,Psychic-202Wobbuffet.png
292,#203,Girafarig,Normal,Normal-203Girafarig.png
293,#203,Girafarig,Psychic,Psychic-203Girafarig.png
294,#204,Pineco,Bug,Bug-204Pineco.png
295,#205,Forretress,Bug,Bug-205Forretress.png
296,#205,Forretress,Steel,Steel-205Forretress.png
297,#206,Dunsparce,Normal,Normal-206Dunsparce.png
298,#207,Gligar,Ground,Ground-207Gligar.png
299,#207,Gligar,Flying,Flying-207Gligar.png
300,#208,Steelix,Steel,Steel-208Steelix.png
301,#208,Steelix,Ground,Ground-208Steelix.png
302,#209,Snubbull,Fairy,Fairy-209Snubbull.png
303,#210,Granbull,Fairy,Fairy-210Granbull.png
304,#211,Qwilfish,Water,Water-211Qwilfish.png
305,#211,Qwilfish,Poison,Poison-211Qwilfish.png
306,#212,Scizor,Bug,Bug-212Scizor.png
307,#212,Scizor,Steel,Steel-212Scizor.png
308,#213,Shuckle,Bug,Bug-213Shuckle.png
309,#213,Shuckle,Rock,Rock-213Shuckle.png
310,#214,Heracross,Bug,Bug-214Heracross.png
311,#214,Heracross,Fighting,Fighting-214Heracross.png
312,#215,Sneasel,Dark,Dark-215Sneasel.png
313,#215,Sneasel,Ice,Ice-215Sneasel.png
314,#216,Teddiursa,Normal,Normal-216Teddiursa.png
315,#217,Ursaring,Normal,Normal-217Ursaring.png
316,#218,Slugma,Fire,Fire-218Slugma.png
317,#219,Magcargo,Fire,Fire-219Magcargo.png
318,#219,Magcargo,Rock,Rock-219Magcargo.png
319,#220,Swinub,Ice,Ice-220Swinub.png
320,#220,Swinub,Ground,Ground-220Swinub.png
321,#221,Piloswine,Ice,Ice-221Piloswine.png
322,#221,Piloswine,Ground,Ground-221Piloswine.png
323,#222,Corsola,Water,Water-222Corsola.png
324,#222,Corsola,Rock,Rock-222Corsola.png
325,#223,Remoraid,Water,Water-223Remoraid.png
326,#224,Octillery,Water,Water-224Octillery.png
327,#225,Delibird,Ice,Ice-225Delibird.png
328,#225,Delibird,Flying,Flying-225Delibird.png
329,#226,Mantine,Water,Water-226Mantine.png
330,#226,Mantine,Flying,Flying-226Mantine.png
331,#227,Skarmory,Steel,Steel-227Skarmory.png
332,#227,Skarmory,Flying,Flying-227Skarmory.png
333,#228,Houndour,Dark,Dark-228Houndour.png
334,#228,Houndour,Fire,Fire-228Houndour.png
335,#229,Houndoom,Dark,Dark-229Houndoom.png
336,#229,Houndoom,Fire,Fire-229Houndoom.png
337,#230,Kingdra,Water,Water-230Kingdra.png
338,#230,Kingdra,Dragon,Dragon-230Kingdra.png
339,#231,Phanpy,Ground,Ground-231Phanpy.png
340,#232,Donphan,Ground,Ground-232Donphan.png
341,#233,Porygon2,Normal,Normal-233Porygon2.png
342,#234,Stantler,Normal,Normal-234Stantler.png
343,#235,Smeargle,Normal,Normal-235Smeargle.png
344,#236,Tyrogue,Fighting,Fighting-236Tyrogue.png
345,#237,Hitmontop,Fighting,Fighting-237Hitmontop.png
346,#238,Smoochum,Ice,Ice-238Smoochum.png
347,#238,Smoochum,Psychic,Psychic-238Smoochum.png
348,#239,Elekid,Electric,Electric-239Elekid.png
349,#240,Magby,Fire,Fire-240Magby.png
350,#241,Miltank,Normal,Normal-241Miltank.png
351,#242,Blissey,Normal,Normal-242Blissey.png
352,#243,Raikou,Electric,Electric-243Raikou.png
353,#244,Entei,Fire,Fire-244Entei.png
354,#245,Suicune,Water,Water-245Suicune.png
355,#246,Larvitar,Rock,Rock-246Larvitar.png
356,#246,Larvitar,Ground,Ground-246Larvitar.png
357,#247,Pupitar,Rock,Rock-247Pupitar.png
358,#247,Pupitar,Ground,Ground-247Pupitar.png
359,#248,Tyranitar,Rock,Rock-248Tyranitar.png
360,#248,Tyranitar,Dark,Dark-248Tyranitar.png
361,#249,Lugia,Psychic,Psychic-249Lugia.png
362,#249,Lugia,Flying,Flying-249Lugia.png
363,#250,Ho-Oh,Fire,Fire-250Ho-Oh.png
364,#250,Ho-Oh,Flying,Flying-250Ho-Oh.png
365,#251,Celebi,Psychic,Psychic-251Celebi.png
366,#251,Celebi,Grass,Grass-251Celebi.png
367,#252,Treecko,Grass,Grass-252Treecko.png
368,#253,Grovyle,Grass,Grass-253Grovyle.png
369,#254,Sceptile,Grass,Grass-254Sceptile.png
370,#255,Torchic,Fire,Fire-255Torchic.png
371,#256,Combusken,Fire,Fire-256Combusken.png
372,#256,Combusken,Fighting,Fighting-256Combusken.png
373,#257,Blaziken,Fire,Fire-257Blaziken.png
374,#257,Blaziken,Fighting,Fighting-257Blaziken.png
375,#258,Mudkip,Water,Water-258Mudkip.png
376,#259,Marshtomp,Water,Water-259Marshtomp.png
377,#259,Marshtomp,Ground,Ground-259Marshtomp.png
378,#260,Swampert,Water,Water-260Swampert.png
379,#260,Swampert,Ground,Ground-260Swampert.png
380,#261,Poochyena,Dark,Dark-261Poochyena.png
381,#262,Mightyena,Dark,Dark-262Mightyena.png
382,#263,Zigzagoon,Normal,Normal-263Zigzagoon.png
383,#264,Linoone,Normal,Normal-264Linoone.png
384,#265,Wurmple,Bug,Bug-265Wurmple.png
385,#266,Silcoon,Bug,Bug-266Silcoon.png
386,#267,Beautifly,Bug,Bug-267Beautifly.png
387,#267,Beautifly,Flying,Flying-267Beautifly.png
388,#268,Cascoon,Bug,Bug-268Cascoon.png
389,#269,Dustox,Bug,Bug-269Dustox.png
390,#269,Dustox,Poison,Poison-269Dustox.png
391,#270,Lotad,Water,Water-270Lotad.png
392,#270,Lotad,Grass,Grass-270Lotad.png
393,#271,Lombre,Water,Water-271Lombre.png
394,#271,Lombre,Grass,Grass-271Lombre.png
395,#272,Ludicolo,Water,Water-272Ludicolo.png
396,#272,Ludicolo,Grass,Grass-272Ludicolo.png
397,#273,Seedot,Grass,Grass-273Seedot.png
398,#274,Nuzleaf,Grass,Grass-274Nuzleaf.png
399,#274,Nuzleaf,Dark,Dark-274Nuzleaf.png
400,#275,Shiftry,Grass,Grass-275Shiftry.png
401,#275,Shiftry,Dark,Dark-275Shiftry.png
402,#276,Taillow,Normal,Normal-276Taillow.png
403,#276,Taillow,Flying,Flying-276Taillow.png
404,#277,Swellow,Normal,Normal-277Swellow.png
405,#277,Swellow,Flying,Flying-277Swellow.png
406,#278,Wingull,Water,Water-278Wingull.png
407,#278,Wingull,Flying,Flying-278Wingull.png
408,#279,Pelipper,Water,Water-279Pelipper.png
409,#279,Pelipper,Flying,Flying-279Pelipper.png
410,#280,Ralts,Psychic,Psychic-280Ralts.png
411,#280,Ralts,Fairy,Fairy-280Ralts.png
412,#281,Kirlia,Psychic,Psychic-281Kirlia.png
413,#281,Kirlia,Fairy,Fairy-281Kirlia.png
414,#282,Gardevoir,Psychic,Psychic-282Gardevoir.png
415,#282,Gardevoir,Fairy,Fairy-282Gardevoir.png
416,#283,Surskit,Bug,Bug-283Surskit.png
417,#283,Surskit,Water,Water-283Surskit.png
418,#284,Masquerain,Bug,Bug-284Masquerain.png
419,#284,Masquerain,Flying,Flying-284Masquerain.png
420,#285,Shroomish,Grass,Grass-285Shroomish.png
421,#286,Breloom,Grass,Grass-286Breloom.png
422,#286,Breloom,Fighting,Fighting-286Breloom.png
423,#287,Slakoth,Normal,Normal-287Slakoth.png
424,#288,Vigoroth,Normal,Normal-288Vigoroth.png
425,#289,Slaking,Normal,Normal-289Slaking.png
426,#290,Nincada,Bug,Bug-290Nincada.png
427,#290,Nincada,Ground,Ground-290Nincada.png
428,#291,Ninjask,Bug,Bug-291Ninjask.png
429,#291,Ninjask,Flying,Flying-291Ninjask.png
430,#292,Shedinja,Bug,Bug-292Shedinja.png
431,#292,Shedinja,Ghost,Ghost-292Shedinja.png
432,#293,Whismur,Normal,Normal-293Whismur.png
433,#294,Loudred,Normal,Normal-294Loudred.png
434,#295,Exploud,Normal,Normal-295Exploud.png
435,#296,Makuhita,Fighting,Fighting-296Makuhita.png
436,#297,Hariyama,Fighting,Fighting-297Hariyama.png
437,#298,Azurill,Normal,Normal-298Azurill.png
438,#298,Azurill,Fairy,Fairy-298Azurill.png
439,#299,Nosepass,Rock,Rock-299Nosepass.png
440,#300,Skitty,Normal,Normal-300Skitty.png
441,#301,Delcatty,Normal,Normal-301Delcatty.png
442,#302,Sableye,Dark,Dark-302Sableye.png
443,#302,Sableye,Ghost,Ghost-302Sableye.png
444,#303,Mawile,Steel,Steel-303Mawile.png
445,#303,Mawile,Fairy,Fairy-303Mawile.png
446,#304,Aron,Steel,Steel-304Aron.png
447,#304,Aron,Rock,Rock-304Aron.png
448,#305,Lairon,Steel,Steel-305Lairon.png
449,#305,Lairon,Rock,Rock-305Lairon.png
450,#306,Aggron,Steel,Steel-306Aggron.png
451,#306,Aggron,Rock,Rock-306Aggron.png
452,#307,Meditite,Fighting,Fighting-307Meditite.png
453,#307,Meditite,Psychic,Psychic-307Meditite.png
454,#308,Medicham,Fighting,Fighting-308Medicham.png
455,#308,Medicham,Psychic,Psychic-308Medicham.png
456,#309,Electrike,Electric,Electric-309Electrike.png
457,#310,Manectric,Electric,Electric-310Manectric.png
458,#311,Plusle,Electric,Electric-311Plusle.png
459,#312,Minun,Electric,Electric-312Minun.png
460,#313,Volbeat,Bug,Bug-313Volbeat.png
461,#314,Illumise,Bug,Bug-314Illumise.png
462,#315,Roselia,Grass,Grass-315Roselia.png
463,#315,Roselia,Poison,Poison-315Roselia.png
464,#316,Gulpin,Poison,Poison-316Gulpin.png
465,#317,Swalot,Poison,Poison-317Swalot.png
466,#318,Carvanha,Water,Water-318Carvanha.png
467,#318,Carvanha,Dark,Dark-318Carvanha.png
468,#319,Sharpedo,Water,Water-319Sharpedo.png
469,#319,Sharpedo,Dark,Dark-319Sharpedo.png
470,#320,Wailmer,Water,Water-320Wailmer.png
471,#321,Wailord,Water,Water-321Wailord.png
472,#322,Numel,Fire,Fire-322Numel.png
473,#322,Numel,Ground,Ground-322Numel.png
474,#323,Camerupt,Fire,Fire-323Camerupt.png
475,#323,Camerupt,Ground,Ground-323Camerupt.png
476,#324,Torkoal,Fire,Fire-324Torkoal.png
477,#325,Spoink,Psychic,Psychic-325Spoink.png
478,#326,Grumpig,Psychic,Psychic-326Grumpig.png
479,#327,Spinda,Normal,Normal-327Spinda.png
480,#328,Trapinch,Ground,Ground-328Trapinch.png
481,#329,Vibrava,Ground,Ground-329Vibrava.png
482,#329,Vibrava,Dragon,Dragon-329Vibrava.png
483,#330,Flygon,Ground,Ground-330Flygon.png
484,#330,Flygon,Dragon,Dragon-330Flygon.png
485,#331,Cacnea,Grass,Grass-331Cacnea.png
486,#332,Cacturne,Grass,Grass-332Cacturne.png
487,#332,Cacturne,Dark,Dark-332Cacturne.png
488,#333,Swablu,Normal,Normal-333Swablu.png
489,#333,Swablu,Flying,Flying-333Swablu.png
490,#334,Altaria,Dragon,Dragon-334Altaria.png
491,#334,Altaria,Flying,Flying-334Altaria.png
492,#335,Zangoose,Normal,Normal-335Zangoose.png
493,#336,Seviper,Poison,Poison-336Seviper.png
494,#337,Lunatone,Rock,Rock-337Lunatone.png
495,#337,Lunatone,Psychic,Psychic-337Lunatone.png
496,#338,Solrock,Rock,Rock-338Solrock.png
497,#338,Solrock,Psychic,Psychic-338Solrock.png
498,#339,Barboach,Water,Water-339Barboach.png
499,#339,Barboach,Ground,Ground-339Barboach.png
500,#340,Whiscash,Water,Water-340Whiscash.png
501,#340,Whiscash,Ground,Ground-340Whiscash.png
502,#341,Corphish,Water,Water-341Corphish.png
503,#342,Crawdaunt,Water,Water-342Crawdaunt.png
504,#342,Crawdaunt,Dark,Dark-342Crawdaunt.png
505,#343,Baltoy,Ground,Ground-343Baltoy.png
506,#343,Baltoy,Psychic,Psychic-343Baltoy.png
507,#344,Claydol,Ground,Ground-344Claydol.png
508,#344,Claydol,Psychic,Psychic-344Claydol.png
509,#345,Lileep,Rock,Rock-345Lileep.png
510,#345,Lileep,Grass,Grass-345Lileep.png
511,#346,Cradily,Rock,Rock-346Cradily.png
512,#346,Cradily,Grass,Grass-346Cradily.png
513,#347,Anorith,Rock,Rock-347Anorith.png
514,#347,Anorith,Bug,Bug-347Anorith.png
515,#348,Armaldo,Rock,Rock-348Armaldo.png
516,#348,Armaldo,Bug,Bug-348Armaldo.png
517,#349,Feebas,Water,Water-349Feebas.png
518,#350,Milotic,Water,Water-350Milotic.png
519,#351,Castform,Normal,Normal-351Castform.png
520,#352,Kecleon,Normal,Normal-352Kecleon.png
521,#353,Shuppet,Ghost,Ghost-353Shuppet.png
522,#354,Banette,Ghost,Ghost-354Banette.png
523,#355,Duskull,Ghost,Ghost-355Duskull.png
524,#356,Dusclops,Ghost,Ghost-356Dusclops.png
525,#357,Tropius,Grass,Grass-357Tropius.png
526,#357,Tropius,Flying,Flying-357Tropius.png
527,#358,Chimecho,Psychic,Psychic-358Chimecho.png
528,#359,Absol,Dark,Dark-359Absol.png
529,#360,Wynaut,Psychic,Psychic-360Wynaut.png
530,#361,Snorunt,Ice,Ice-361Snorunt.png
531,#362,Glalie,Ice,Ice-362Glalie.png
532,#363,Spheal,Ice,Ice-363Spheal.png
533,#363,Spheal,Water,Water-363Spheal.png
534,#364,Sealeo,Ice,Ice-364Sealeo.png
535,#364,Sealeo,Water,Water-364Sealeo.png
536,#365,Walrein,Ice,Ice-365Walrein.png
537,#365,Walrein,Water,Water-365Walrein.png
538,#366,Clamperl,Water,Water-366Clamperl.png
539,#367,Huntail,Water,Water-367Huntail.png
540,#368,Gorebyss,Water,Water-368Gorebyss.png
541,#369,Relicanth,Water,Water-369Relicanth.png
542,#369,Relicanth,Rock,Rock-369Relicanth.png
543,#370,Luvdisc,Water,Water-370Luvdisc.png
544,#371,Bagon,Dragon,Dragon-371Bagon.png
545,#372,Shelgon,Dragon,Dragon-372Shelgon.png
546,#373,Salamence,Dragon,Dragon-373Salamence.png
547,#373,Salamence,Flying,Flying-373Salamence.png
548,#374,Beldum,Steel,Steel-374Beldum.png
549,#374,Beldum,Psychic,Psychic-374Beldum.png
550,#375,Metang,Steel,Steel-375Metang.png
551,#375,Metang,Psychic,Psychic-375Metang.png
552,#376,Metagross,Steel,Steel-376Metagross.png
553,#376,Metagross,Psychic,Psychic-376Metagross.png
554,#377,Regirock,Rock,Rock-377Regirock.png
555,#378,Regice,Ice,Ice-378Regice.png
556,#379,Registeel,Steel,Steel-379Registeel.png
557,#380,Latias,Dragon,Dragon-380Latias.png
558,#380,Latias,Psychic,Psychic-380Latias.png
559,#381,Latios,Dragon,Dragon-381Latios.png
560,#381,Latios,Psychic,Psychic-381Latios.png
561,#382,Kyogre,Water,Water-382Kyogre.png
562,#383,Groudon,Ground,Ground-383Groudon.png
563,#384,Rayquaza,Dragon,Dragon-384Rayquaza.png
564,#384,Rayquaza,Flying,Flying-384Rayquaza.png
565,#385,Jirachi,Steel,Steel-385Jirachi.png
566,#385,Jirachi,Psychic,Psychic-385Jirachi.png
567,#386,Deoxys,Psychic,Psychic-386Deoxys.png
568,#387,Turtwig,Grass,Grass-387Turtwig.png
569,#388,Grotle,Grass,Grass-388Grotle.png
570,#389,Torterra,Grass,Grass-389Torterra.png
571,#389,Torterra,Ground,Ground-389Torterra.png
572,#390,Chimchar,Fire,Fire-390Chimchar.png
573,#391,Monferno,Fire,Fire-391Monferno.png
574,#391,Monferno,Fighting,Fighting-391Monferno.png
575,#392,Infernape,Fire,Fire-392Infernape.png
576,#392,Infernape,Fighting,Fighting-392Infernape.png
577,#393,Piplup,Water,Water-393Piplup.png
578,#394,Prinplup,Water,Water-394Prinplup.png
579,#395,Empoleon,Water,Water-395Empoleon.png
580,#395,Empoleon,Steel,Steel-395Empoleon.png
581,#396,Starly,Normal,Normal-396Starly.png
582,#396,Starly,Flying,Flying-396Starly.png
583,#397,Staravia,Normal,Normal-397Staravia.png
584,#397,Staravia,Flying,Flying-397Staravia.png
585,#398,Staraptor,Normal,Normal-398Staraptor.png
586,#398,Staraptor,Flying,Flying-398Staraptor.png
587,#399,Bidoof,Normal,Normal-399Bidoof.png
588,#400,Bibarel,Normal,Normal-400Bibarel.png
589,#400,Bibarel,Water,Water-400Bibarel.png
590,#401,Kricketot,Bug,Bug-401Kricketot.png
591,#402,Kricketune,Bug,Bug-402Kricketune.png
592,#403,Shinx,Electric,Electric-403Shinx.png
593,#404,Luxio,Electric,Electric-404Luxio.png
594,#405,Luxray,Electric,Electric-405Luxray.png
595,#406,Budew,Grass,Grass-406Budew.png
596,#406,Budew,Poison,Poison-406Budew.png
597,#407,Roserade,Grass,Grass-407Roserade.png
598,#407,Roserade,Poison,Poison-407Roserade.png
599,#408,Cranidos,Rock,Rock-408Cranidos.png
600,#409,Rampardos,Rock,Rock-409Rampardos.png
601,#410,Shieldon,Rock,Rock-410Shieldon.png
602,#410,Shieldon,Steel,Steel-410Shieldon.png
603,#411,Bastiodon,Rock,Rock-411Bastiodon.png
604,#411,Bastiodon,Steel,Steel-411Bastiodon.png
605,#412,Burmy,Bug,Bug-412Burmy-Plant.png
606,#413,Wormadam,Bug,Bug-413Wormadam-Plant.png
607,#413,Wormadam,Grass,Grass-413Wormadam-Plant.png
608,#414,Mothim,Bug,Bug-414Mothim.png
609,#414,Mothim,Flying,Flying-414Mothim.png
610,#415,Combee,Bug,Bug-415Combee.png
611,#415,Combee,Flying,Flying-415Combee.png
612,#416,Vespiquen,Bug,Bug-416Vespiquen.png
613,#416,Vespiquen,Flying,Flying-416Vespiquen.png
614,#417,Pachirisu,Electric,Electric-417Pachirisu.png
615,#418,Buizel,Water,Water-418Buizel.png
616,#419,Floatzel,Water,Water-419Floatzel.png
617,#420,Cherubi,Grass,Grass-420Cherubi.png
618,#421,Cherrim,Grass,Grass-421Cherrim-Overcast.png
619,#422,Shellos,Water,Water-422Shellos.png
620,#423,Gastrodon,Water,Water-423Gastrodon.png
621,#423,Gastrodon,Ground,Ground-423Gastrodon.png
622,#424,Ambipom,Normal,Normal-424Ambipom.png
623,#425,Drifloon,Ghost,Ghost-425Drifloon.png
624,#425,Drifloon,Flying,Flying-425Drifloon.png
625,#426,Drifblim,Ghost,Ghost-426Drifblim.png
626,#426,Drifblim,Flying,Flying-426Drifblim.png
627,#427,Buneary,Normal,Normal-427Buneary.png
628,#428,Lopunny,Normal,Normal-428Lopunny.png
629,#429,Mismagius,Ghost,Ghost-429Mismagius.png
630,#430,Honchkrow,Dark,Dark-430Honchkrow.png
631,#430,Honchkrow,Flying,Flying-430Honchkrow.png
632,#431,Glameow,Normal,Normal-431Glameow.png
633,#432,Purugly,Normal,Normal-432Purugly.png
634,#433,Chingling,Psychic,Psychic-433Chingling.png
635,#434,Stunky,Poison,Poison-434Stunky.png
636,#434,Stunky,Dark,Dark-434Stunky.png
637,#435,Skuntank,Poison,Poison-435Skuntank.png
638,#435,Skuntank,Dark,Dark-435Skuntank.png
639,#436,Bronzor,Steel,Steel-436Bronzor.png
640,#436,Bronzor,Psychic,Psychic-436Bronzor.png
641,#437,Bronzong,Steel,Steel-437Bronzong.png
642,#437,Bronzong,Psychic,Psychic-437Bronzong.png
643,#438,Bonsly,Rock,Rock-438Bonsly.png
644,#439,Mime Jr.,Psychic,Psychic-439Mime_Jr.png
645,#439,Mime Jr.,Fairy,Fairy-439Mime_Jr.png
646,#440,Happiny,Normal,Normal-440Happiny.png
647,#441,Chatot,Normal,Normal-441Chatot.png
648,#441,Chatot,Flying,Flying-441Chatot.png
649,#442,Spiritomb,Ghost,Ghost-442Spiritomb.png
650,#442,Spiritomb,Dark,Dark-442Spiritomb.png
651,#443,Gible,Dragon,Dragon-443Gible.png
652,#443,Gible,Ground,Ground-443Gible.png
653,#444,Gabite,Dragon,Dragon-444Gabite.png
654,#444,Gabite,Ground,Ground-444Gabite.png
655,#445,Garchomp,Dragon,Dragon-445Garchomp.png
656,#445,Garchomp,Ground,Ground-445Garchomp.png
657,#446,Munchlax,Normal,Normal-446Munchlax.png
658,#447,Riolu,Fighting,Fighting-447Riolu.png
659,#448,Lucario,Fighting,Fighting-448Lucario.png
660,#448,Lucario,Steel,Steel-448Lucario.png
661,#449,Hippopotas,Ground,Ground-449Hippopotas.png
662,#450,Hippowdon,Ground,Ground-450Hippowdon.png
663,#451,Skorupi,Poison,Poison-451Skorupi.png
664,#451,Skorupi,Bug,Bug-451Skorupi.png
665,#452,Drapion,Poison,Poison-452Drapion.png
666,#452,Drapion,Dark,Dark-452Drapion.png
667,#453,Croagunk,Poison,Poison-453Croagunk.png
668,#453,Croagunk,Fighting,Fighting-453Croagunk.png
669,#454,Toxicroak,Poison,Poison-454Toxicroak.png
670,#454,Toxicroak,Fighting,Fighting-454Toxicroak.png
671,#455,Carnivine,Grass,Grass-455Carnivine.png
672,#456,Finneon,Water,Water-456Finneon.png
673,#457,Lumineon,Water,Water-457Lumineon.png
674,#458,Mantyke,Water,Water-458Mantyke.png
675,#458,Mantyke,Flying,Flying-458Mantyke.png
676,#459,Snover,Grass,Grass-459Snover.png
677,#459,Snover,Ice,Ice-459Snover.png
678,#460,Abomasnow,Grass,Grass-460Abomasnow.png
679,#460,Abomasnow,Ice,Ice-460Abomasnow.png
680,#461,Weavile,Dark,Dark-461Weavile.png
681,#461,Weavile,Ice,Ice-461Weavile.png
682,#462,Magnezone,Electric,Electric-462Magnezone.png
683,#462,Magnezone,Steel,Steel-462Magnezone.png
684,#463,Lickilicky,Normal,Normal-463Lickilicky.png
685,#464,Rhyperior,Ground,Ground-464Rhyperior.png
686,#464,Rhyperior,Rock,Rock-464Rhyperior.png
687,#465,Tangrowth,Grass,Grass-465Tangrowth.png
688,#466,Electivire,Electric,Electric-466Electivire.png
689,#467,Magmortar,Fire,Fire-467Magmortar.png
690,#468,Togekiss,Fairy,Fairy-468Togekiss.png
691,#468,Togekiss,Flying,Flying-468Togekiss.png
692,#469,Yanmega,Bug,Bug-469Yanmega.png
693,#469,Yanmega,Flying,Flying-469Yanmega.png
694,#470,Leafeon,Grass,Grass-470Leafeon.png
695,#471,Glaceon,Ice,Ice-471Glaceon.png
696,#472,Gliscor,Ground,Ground-472Gliscor.png
697,#472,Gliscor,Flying,Flying-472Gliscor.png
698,#473,Mamoswine,Ice,Ice-473Mamoswine.png
699,#473,Mamoswine,Ground,Ground-473Mamoswine.png
700,#474,Porygon-Z,Normal,Normal-474Porygon-Z.png
701,#475,Gallade,Psychic,Psychic-475Gallade.png
702,#475,Gallade,Fighting,Fighting-475Gallade.png
703,#476,Probopass,Rock,Rock-476Probopass.png
704,#476,Probopass,Steel,Steel-476Probopass.png
705,#477,Dusknoir,Ghost,Ghost-477Dusknoir.png
706,#478,Froslass,Ice,Ice-478Froslass.png
707,#478,Froslass,Ghost,Ghost-478Froslass.png
708,#479,Rotom,Electric,Electric-479Rotom.png
709,#479,Rotom,Ghost,Ghost-479Rotom.png
710,#480,Uxie,Psychic,Psychic-480Uxie.png
711,#481,Mesprit,Psychic,Psychic-481Mesprit.png
712,#482,Azelf,Psychic,Psychic-482Azelf.png
713,#483,Dialga,Steel,Steel-483Dialga.png
714,#483,Dialga,Dragon,Dragon-483Dialga.png
715,#484,Palkia,Water,Water-484Palkia.png
716,#484,Palkia,Dragon,Dragon-484Palkia.png
717,#485,Heatran,Fire,Fire-485Heatran.png
718,#485,Heatran,Steel,Steel-485Heatran.png
719,#486,Regigigas,Normal,Normal-486Regigigas.png
720,#487,Giratina,Ghost,Ghost-487Giratina-Altered.png
721,#487,Giratina,Dragon,Dragon-487Giratina-Altered.png
722,#488,Cresselia,Psychic,Psychic-488Cresselia.png
723,#489,Phione,Water,Water-489Phione.png
724,#490,Manaphy,Water,Water-490Manaphy.png
725,#491,Darkrai,Dark,Dark-491Darkrai.png
726,#492,Shaymin,Grass,Grass-492Shaymin-Land.png
727,#493,Arceus,Normal,Normal-493Arceus.png
728,#494,Victini,Psychic,Psychic-494Victini.png
729,#494,Victini,Fire,Fire-494Victini.png
730,#495,Snivy,Grass,Grass-495Snivy.png
731,#496,Servine,Grass,Grass-496Servine.png
732,#497,Serperior,Grass,Grass-497Serperior.png
733,#498,Tepig,Fire,Fire-498Tepig.png
734,#499,Pignite,Fire,Fire-499Pignite.png
735,#499,Pignite,Fighting,Fighting-499Pignite.png
736,#500,Emboar,Fire,Fire-500Emboar.png
737,#500,Emboar,Fighting,Fighting-500Emboar.png
738,#501,Oshawott,Water,Water-501Oshawott.png
739,#502,Dewott,Water,Water-502Dewott.png
740,#503,Samurott,Water,Water-503Samurott.png
741,#504,Patrat,Normal,Normal-504Patrat.png
742,#505,Watchog,Normal,Normal-505Watchog.png
743,#506,Lillipup,Normal,Normal-506Lillipup.png
744,#507,Herdier,Normal,Normal-507Herdier.png
745,#508,Stoutland,Normal,Normal-508Stoutland.png
746,#509,Purrloin,Dark,Dark-509Purrloin.png
747,#510,Liepard,Dark,Dark-510Liepard.png
748,#511,Pansage,Grass,Grass-511Pansage.png
749,#512,Simisage,Grass,Grass-512Simisage.png
750,#513,Pansear,Fire,Fire-513Pansear.png
751,#514,Simisear,Fire,Fire-514Simisear.png
752,#515,Panpour,Water,Water-515Panpour.png
753,#516,Simipour,Water,Water-516Simipour.png
754,#517,Munna,Psychic,Psychic-517Munna.png
755,#518,Musharna,Psychic,Psychic-518Musharna.png
756,#519,Pidove,Normal,Normal-519Pidove.png
757,#519,Pidove,Flying,Flying-519Pidove.png
758,#520,Tranquill,Normal,Normal-520Tranquill.png
759,#520,Tranquill,Flying,Flying-520Tranquill.png
760,#521,Unfezant,Normal,Normal-521Unfezant.png
761,#521,Unfezant,Flying,Flying-521Unfezant.png
762,#522,Blitzle,Electric,Electric-522Blitzle.png
763,#523,Zebstrika,Electric,Electric-523Zebstrika.png
764,#524,Roggenrola,Rock,Rock-524Roggenrola.png
765,#525,Boldore,Rock,Rock-525Boldore.png
766,#526,Gigalith,Rock,Rock-526Gigalith.png
767,#527,Woobat,Psychic,Psychic-527Woobat.png
768,#527,Woobat,Flying,Flying-527Woobat.png
769,#528,Swoobat,Psychic,Psychic-528Swoobat.png
770,#528,Swoobat,Flying,Flying-528Swoobat.png
771,#529,Drilbur,Ground,Ground-529Drilbur.png
772,#530,Excadrill,Ground,Ground-530Excadrill.png
773,#530,Excadrill,Steel,Steel-530Excadrill.png
774,#531,Audino,Normal,Normal-531Audino.png
775,#532,Timburr,Fighting,Fighting-532Timburr.png
776,#533,Gurdurr,Fighting,Fighting-533Gurdurr.png
777,#534,Conkeldurr,Fighting,Fighting-534Conkeldurr.png
778,#535,Tympole,Water,Water-535Tympole.png
779,#536,Palpitoad,Water,Water-536Palpitoad.png
780,#536,Palpitoad,Ground,Ground-536Palpitoad.png
781,#537,Seismitoad,Water,Water-537Seismitoad.png
782,#537,Seismitoad,Ground,Ground-537Seismitoad.png
783,#538,Throh,Fighting,Fighting-538Throh.png
784,#539,Sawk,Fighting,Fighting-539Sawk.png
785,#540,Sewaddle,Bug,Bug-540Sewaddle.png
786,#540,Sewaddle,Grass,Grass-540Sewaddle.png
787,#541,Swadloon,Bug,Bug-541Swadloon.png
788,#541,Swadloon,Grass,Grass-541Swadloon.png
789,#542,Leavanny,Bug,Bug-542Leavanny.png
790,#542,Leavanny,Grass,Grass-542Leavanny.png
791,#543,Venipede,Bug,Bug-543Venipede.png
792,#543,Venipede,Poison,Poison-543Venipede.png
793,#544,Whirlipede,Bug,Bug-544Whirlipede.png
794,#544,Whirlipede,Poison,Poison-544Whirlipede.png
795,#545,Scolipede,Bug,Bug-545Scolipede.png
796,#545,Scolipede,Poison,Poison-545Scolipede.png
797,#546,Cottonee,Grass,Grass-546Cottonee.png
798,#546,Cottonee,Fairy,Fairy-546Cottonee.png
799,#547,Whimsicott,Grass,Grass-547Whimsicott.png
800,#547,Whimsicott,Fairy,Fairy-547Whimsicott.png
801,#548,Petilil,Grass,Grass-548Petilil.png
802,#549,Lilligant,Grass,Grass-549Lilligant.png
803,#550,Basculin,Water,Water-550Basculin.png
804,#551,Sandile,Ground,Ground-551Sandile.png
805,#551,Sandile,Dark,Dark-551Sandile.png
806,#552,Krokorok,Ground,Ground-552Krokorok.png
807,#552,Krokorok,Dark,Dark-552Krokorok.png
808,#553,Krookodile,Ground,Ground-553Krookodile.png
809,#553,Krookodile,Dark,Dark-553Krookodile.png
810,#554,Darumaka,Fire,Fire-554Darumaka.png
811,#555,Darmanitan,Fire,Fire-555Darmanitan.png
812,#556,Maractus,Grass,Grass-556Maractus.png
813,#557,Dwebble,Bug,Bug-557Dwebble.png
814,#557,Dwebble,Rock,Rock-557Dwebble.png
815,#558,Crustle,Bug,Bug-558Crustle.png
816,#558,Crustle,Rock,Rock-558Crustle.png
817,#559,Scraggy,Dark,Dark-559Scraggy.png
818,#559,Scraggy,Fighting,Fighting-559Scraggy.png
819,#560,Scrafty,Dark,Dark-560Scrafty.png
820,#560,Scrafty,Fighting,Fighting-560Scrafty.png
821,#561,Sigilyph,Psychic,Psychic-561Sigilyph.png
822,#561,Sigilyph,Flying,Flying-561Sigilyph.png
823,#562,Yamask,Ghost,Ghost-562Yamask.png
824,#563,Cofagrigus,Ghost,Ghost-563Cofagrigus.png
825,#564,Tirtouga,Water,Water-564Tirtouga.png
826,#564,Tirtouga,Rock,Rock-564Tirtouga.png
827,#565,Carracosta,Water,Water-565Carracosta.png
828,#565,Carracosta,Rock,Rock-565Carracosta.png
829,#566,Archen,Rock,Rock-566Archen.png
830,#566,Archen,Flying,Flying-566Archen.png
831,#567,Archeops,Rock,Rock-567Archeops.png
832,#567,Archeops,Flying,Flying-567Archeops.png
833,#568,Trubbish,Poison,Poison-568Trubbish.png
834,#569,Garbodor,Poison,Poison-569Garbodor.png
835,#570,Zorua,Dark,Dark-570Zorua.png
836,#571,Zoroark,Dark,Dark-571Zoroark.png
837,#572,Minccino,Normal,Normal-572Minccino.png
838,#573,Cinccino,Normal,Normal-573Cinccino.png
839,#574,Gothita,Psychic,Psychic-574Gothita.png
840,#575,Gothorita,Psychic,Psychic-575Gothorita.png
841,#576,Gothitelle,Psychic,Psychic-576Gothitelle.png
842,#577,Solosis,Psychic,Psychic-577Solosis.png
843,#578,Duosion,Psychic,Psychic-578Duosion.png
844,#579,Reuniclus,Psychic,Psychic-579Reuniclus.png
845,#580,Ducklett,Water,Water-580Ducklett.png
846,#580,Ducklett,Flying,Flying-580Ducklett.png
847,#581,Swanna,Water,Water-581Swanna.png
848,#581,Swanna,Flying,Flying-581Swanna.png
849,#582,Vanillite,Ice,Ice-582Vanillite.png
850,#583,Vanillish,Ice,Ice-583Vanillish.png
851,#584,Vanilluxe,Ice,Ice-584Vanilluxe.png
852,#585,Deerling,Normal,Normal-585Deerling-Spring.png
853,#585,Deerling,Grass,Grass-585Deerling-Spring.png
854,#586,Sawsbuck,Normal,Normal-586Sawsbuck-Spring.png
855,#586,Sawsbuck,Grass,Grass-586Sawsbuck-Spring.png
856,#587,Emolga,Electric,Electric-587Emolga.png
857,#587,Emolga,Flying,Flying-587Emolga.png
858,#588,Karrablast,Bug,Bug-588Karrablast.png
859,#589,Escavalier,Bug,Bug-589Escavalier.png
860,#589,Escavalier,Steel,Steel-589Escavalier.png
861,#590,Foongus,Grass,Grass-590Foongus.png
862,#590,Foongus,Poison,Poison-590Foongus.png
863,#591,Amoonguss,Grass,Grass-591Amoonguss.png
864,#591,Amoonguss,Poison,Poison-591Amoonguss.png
865,#592,Frillish,Water,Water-592Frillish.png
866,#592,Frillish,Ghost,Ghost-592Frillish.png
867,#593,Jellicent,Water,Water-593Jellicent.png
868,#593,Jellicent,Ghost,Ghost-593Jellicent.png
869,#594,Alomomola,Water,Water-594Alomomola.png
870,#595,Joltik,Bug,Bug-595Joltik.png
871,#595,Joltik,Electric,Electric-595Joltik.png
872,#596,Galvantula,Bug,Bug-596Galvantula.png
873,#596,Galvantula,Electric,Electric-596Galvantula.png
874,#597,Ferroseed,Grass,Grass-597Ferroseed.png
875,#597,Ferroseed,Steel,Steel-597Ferroseed.png
876,#598,Ferrothorn,Grass,Grass-598Ferrothorn.png
877,#598,Ferrothorn,Steel,Steel-598Ferrothorn.png
878,#599,Klink,Steel,Steel-599Klink.png
879,#600,Klang,Steel,Steel-600Klang.png
880,#601,Klinklang,Steel,Steel-601Klinklang.png
881,#602,Tynamo,Electric,Electric-602Tynamo.png
882,#603,Eelektrik,Electric,Electric-603Eelektrik.png
883,#604,Eelektross,Electric,Electric-604Eelektross.png
884,#605,Elgyem,Psychic,Psychic-605Elgyem.png
885,#606,Beheeyem,Psychic,Psychic-606Beheeyem.png
886,#607,Litwick,Ghost,Ghost-607Litwick.png
887,#607,Litwick,Fire,Fire-607Litwick.png
888,#608,Lampent,Ghost,Ghost-608Lampent.png
889,#608,Lampent,Fire,Fire-608Lampent.png
890,#609,Chandelure,Ghost,Ghost-609Chandelure.png
891,#609,Chandelure,Fire,Fire-609Chandelure.png
892,#610,Axew,Dragon,Dragon-610Axew.png
893,#611,Fraxure,Dragon,Dragon-611Fraxure.png
894,#612,Haxorus,Dragon,Dragon-612Haxorus.png
895,#613,Cubchoo,Ice,Ice-613Cubchoo.png
896,#614,Beartic,Ice,Ice-614Beartic.png
897,#615,Cryogonal,Ice,Ice-615Cryogonal.png
898,#616,Shelmet,Bug,Bug-616Shelmet.png
899,#617,Accelgor,Bug,Bug-617Accelgor.png
900,#618,Stunfisk,Ground,Ground-618Stunfisk.png
901,#618,Stunfisk,Electric,Electric-618Stunfisk.png
902,#619,Mienfoo,Fighting,Fighting-619Mienfoo.png
903,#620,Mienshao,Fighting,Fighting-620Mienshao.png
904,#621,Druddigon,Dragon,Dragon-621Druddigon.png
905,#622,Golett,Ground,Ground-622Golett.png
906,#622,Golett,Ghost,Ghost-622Golett.png
907,#623,Golurk,Ground,Ground-623Golurk.png
908,#623,Golurk,Ghost,Ghost-623Golurk.png
909,#624,Pawniard,Dark,Dark-624Pawniard.png
910,#624,Pawniard,Steel,Steel-624Pawniard.png
911,#625,Bisharp,Dark,Dark-625Bisharp.png
912,#625,Bisharp,Steel,Steel-625Bisharp.png
913,#626,Bouffalant,Normal,Normal-626Bouffalant.png
914,#627,Rufflet,Normal,Normal-627Rufflet.png
915,#627,Rufflet,Flying,Flying-627Rufflet.png
916,#628,Braviary,Normal,Normal-628Braviary.png
917,#628,Braviary,Flying,Flying-628Braviary.png
918,#629,Vullaby,Dark,Dark-629Vullaby.png
919,#629,Vullaby,Flying,Flying-629Vullaby.png
920,#630,Mandibuzz,Dark,Dark-630Mandibuzz.png
921,#630,Mandibuzz,Flying,Flying-630Mandibuzz.png
922,#631,Heatmor,Fire,Fire-631Heatmor.png
923,#632,Durant,Bug,Bug-632Durant.png
924,#632,Durant,Steel,Steel-632Durant.png
925,#633,Deino,Dark,Dark-633Deino.png
926,#633,Deino,Dragon,Dragon-633Deino.png
927,#634,Zweilous,Dark,Dark-634Zweilous.png
928,#634,Zweilous,Dragon,Dragon-634Zweilous.png
929,#635,Hydreigon,Dark,Dark-635Hydreigon.png
930,#635,Hydreigon,Dragon,Dragon-635Hydreigon.png
931,#636,Larvesta,Bug,Bug-636Larvesta.png
932,#636,Larvesta,Fire,Fire-636Larvesta.png
933,#637,Volcarona,Bug,Bug-637Volcarona.png
934,#637,Volcarona,Fire,Fire-637Volcarona.png
935,#638,Cobalion,Steel,Steel-638Cobalion.png
936,#638,Cobalion,Fighting,Fighting-638Cobalion.png
937,#639,Terrakion,Rock,Rock-639Terrakion.png
938,#639,Terrakion,Fighting,Fighting-639Terrakion.png
939,#640,Virizion,Grass,Grass-640Virizion.png
940,#640,Virizion,Fighting,Fighting-640Virizion.png
941,#641,Tornadus,Flying,Flying-641Tornadus.png
942,#642,Thundurus,Electric,Electric-642Thundurus.png
943,#642,Thundurus,Flying,Flying-642Thundurus.png
944,#643,Reshiram,Dragon,Dragon-643Reshiram.png
945,#643,Reshiram,Fire,Fire-643Reshiram.png
946,#644,Zekrom,Dragon,Dragon-644Zekrom.png
947,#644,Zekrom,Electric,Electric-644Zekrom.png
948,#645,Landorus,Ground,Ground-645Landorus.png
949,#645,Landorus,Flying,Flying-645Landorus.png
950,#646,Kyurem,Dragon,Dragon-646Kyurem.png
951,#646,Kyurem,Ice,Ice-646Kyurem.png
952,#647,Keldeo,Water,Water-647Keldeo.png
953,#647,Keldeo,Fighting,Fighting-647Keldeo.png
954,#648,Meloetta,Normal,Normal-648Meloetta.png
955,#648,Meloetta,Psychic,Psychic-648Meloetta.png
956,#649,Genesect,Bug,Bug-649Genesect.png
957,#649,Genesect,Steel,Steel-649Genesect.png
958,#650,Chespin,Grass,Grass-650Chespin.png
959,#651,Quilladin,Grass,Grass-651Quilladin.png
960,#652,Chesnaught,Grass,Grass-652Chesnaught.png
961,#652,Chesnaught,Fighting,Fighting-652Chesnaught.png
962,#653,Fennekin,Fire,Fire-653Fennekin.png
963,#654,Braixen,Fire,Fire-654Braixen.png
964,#655,Delphox,Fire,Fire-655Delphox.png
965,#655,Delphox,Psychic,Psychic-655Delphox.png
966,#656,Froakie,Water,Water-656Froakie.png
967,#657,Frogadier,Water,Water-657Frogadier.png
968,#658,Greninja,Water,Water-658Greninja.png
969,#658,Greninja,Dark,Dark-658Greninja.png
970,#659,Bunnelby,Normal,Normal-659Bunnelby.png
971,#660,Diggersby,Normal,Normal-660Diggersby.png
972,#660,Diggersby,Ground,Ground-660Diggersby.png
973,#661,Fletchling,Normal,Normal-661Fletchling.png
974,#661,Fletchling,Flying,Flying-661Fletchling.png
975,#662,Fletchinder,Fire,Fire-662Fletchinder.png
976,#662,Fletchinder,Flying,Flying-662Fletchinder.png
977,#663,Talonflame,Fire,Fire-663Talonflame.png
978,#663,Talonflame,Flying,Flying-663Talonflame.png
979,#664,Scatterbug,Bug,Bug-664Scatterbug.png
980,#665,Spewpa,Bug,Bug-665Spewpa.png
981,#666,Vivillon,Bug,Bug-666Vivillon.png
982,#666,Vivillon,Flying,Flying-666Vivillon.png
983,#667,Litleo,Fire,Fire-667Litleo.png
984,#667,Litleo,Normal,Normal-667Litleo.png
985,#668,Pyroar,Fire,Fire-668Pyroar.png
986,#668,Pyroar,Normal,Normal-668Pyroar.png
987,#669,Flabébé,Fairy,Fairy-669Flab%C3%A9b%C3%A9.png
988,#670,Floette,Fairy,Fairy-670Floette.png
989,#671,Florges,Fairy,Fairy-671Florges.png
990,#672,Skiddo,Grass,Grass-672Skiddo.png
991,#673,Gogoat,Grass,Grass-673Gogoat.png
992,#674,Pancham,Fighting,Fighting-674Pancham.png
993,#675,Pangoro,Fighting,Fighting-675Pangoro.png
994,#675,Pangoro,Dark,Dark-675Pangoro.png
995,#676,Furfrou,Normal,Normal-676Furfrou.png
996,#677,Espurr,Psychic,Psychic-677Espurr.png
997,#678,Meowstic,Psychic,Psychic-678Meowstic.png
998,#679,Honedge,Steel,Steel-679Honedge.png
999,#679,Honedge,Ghost,Ghost-679Honedge.png
1000,#680,Doublade,Steel,Steel-680Doublade.png
1001,#680,Doublade,Ghost,Ghost-680Doublade.png
1002,#681,Aegislash,Steel,Steel-681Aegislash.png
1003,#681,Aegislash,Ghost,Ghost-681Aegislash.png
1004,#682,Spritzee,Fairy,Fairy-682Spritzee.png
1005,#683,Aromatisse,Fairy,Fairy-683Aromatisse.png
1006,#684,Swirlix,Fairy,Fairy-684Swirlix.png
1007,#685,Slurpuff,Fairy,Fairy-685Slurpuff.png
1008,#686,Inkay,Dark,Dark-686Inkay.png
1009,#686,Inkay,Psychic,Psychic-686Inkay.png
1010,#687,Malamar,Dark,Dark-687Malamar.png
1011,#687,Malamar,Psychic,Psychic-687Malamar.png
1012,#688,Binacle,Rock,Rock-688Binacle.png
1013,#688,Binacle,Water,Water-688Binacle.png
1014,#689,Barbaracle,Rock,Rock-689Barbaracle.png
1015,#689,Barbaracle,Water,Water-689Barbaracle.png
1016,#690,Skrelp,Poison,Poison-690Skrelp.png
1017,#690,Skrelp,Water,Water-690Skrelp.png
1018,#691,Dragalge,Poison,Poison-691Dragalge.png
1019,#691,Dragalge,Dragon,Dragon-691Dragalge.png
1020,#692,Clauncher,Water,Water-692Clauncher.png
1021,#693,Clawitzer,Water,Water-693Clawitzer.png
1022,#694,Helioptile,Electric,Electric-694Helioptile.png
1023,#694,Helioptile,Normal,Normal-694Helioptile.png
1024,#695,Heliolisk,Electric,Electric-695Heliolisk.png
1025,#695,Heliolisk,Normal,Normal-695Heliolisk.png
1026,#696,Tyrunt,Rock,Rock-696Tyrunt.png
1027,#696,Tyrunt,Dragon,Dragon-696Tyrunt.png
1028,#697,Tyrantrum,Rock,Rock-697Tyrantrum.png
1029,#697,Tyrantrum,Dragon,Dragon-697Tyrantrum.png
1030,#698,Amaura,Rock,Rock-698Amaura.png
1031,#698,Amaura,Ice,Ice-698Amaura.png
1032,#699,Aurorus,Rock,Rock-699Aurorus.png
1033,#699,Aurorus,Ice,Ice-699Aurorus.png
1034,#700,Sylveon,Fairy,Fairy-700Sylveon.png
1035,#701,Hawlucha,Fighting,Fighting-701Hawlucha.png
1036,#701,Hawlucha,Flying,Flying-701Hawlucha.png
1037,#702,Dedenne,Electric,Electric-702Dedenne.png
1038,#702,Dedenne,Fairy,Fairy-702Dedenne.png
1039,#703,Carbink,Rock,Rock-703Carbink.png
1040,#703,Carbink,Fairy,Fairy-703Carbink.png
1041,#704,Goomy,Dragon,Dragon-704Goomy.png
1042,#705,Sliggoo,Dragon,Dragon-705Sliggoo.png
1043,#706,Goodra,Dragon,Dragon-706Goodra.png
1044,#707,Klefki,Steel,Steel-707Klefki.png
1045,#707,Klefki,Fairy,Fairy-707Klefki.png
1046,#708,Phantump,Ghost,Ghost-708Phantump.png
1047,#708,Phantump,Grass,Grass-708Phantump.png
1048,#709,Trevenant,Ghost,Ghost-709Trevenant.png
1049,#709,Trevenant,Grass,Grass-709Trevenant.png
1050,#710,Pumpkaboo,Ghost,Ghost-710Pumpkaboo.png
1051,#710,Pumpkaboo,Grass,Grass-710Pumpkaboo.png
1052,#711,Gourgeist,Ghost,Ghost-711Gourgeist.png
1053,#711,Gourgeist,Grass,Grass-711Gourgeist.png
1054,#712,Bergmite,Ice,Ice-712Bergmite.png
1055,#713,Avalugg,Ice,Ice-713Avalugg.png
1056,#714,Noibat,Flying,Flying-714Noibat.png
1057,#714,Noibat,Dragon,Dragon-714Noibat.png
1058,#715,Noivern,Flying,Flying-715Noivern.png
1059,#715,Noivern,Dragon,Dragon-715Noivern.png
1060,#716,Xerneas,Fairy,Fairy-716Xerneas.png
1061,#717,Yveltal,Dark,Dark-717Yveltal.png
1062,#717,Yveltal,Flying,Flying-717Yveltal.png
1063,#718,Zygarde,Dragon,Dragon-718Zygarde.png
1064,#718,Zygarde,Ground,Ground-718Zygarde.png
1065,#719,Diancie,Rock,Rock-719Diancie.png
1066,#719,Diancie,Fairy,Fairy-719Diancie.png
1067,#720,Hoopa,Psychic,Psychic-720Hoopa.png
1068,#720,Hoopa,Ghost,Ghost-720Hoopa.png
1069,#721,Volcanion,Fire,Fire-721Volcanion.png
1070,#721,Volcanion,Water,Water-721Volcanion.png
1071,#722,Rowlet,Grass,Grass-722Rowlet.png
1072,#722,Rowlet,Flying,Flying-722Rowlet.png
1073,#723,Dartrix,Grass,Grass-723Dartrix.png
1074,#723,Dartrix,Flying,Flying-723Dartrix.png
1075,#724,Decidueye,Grass,Grass-724Decidueye.png
1076,#724,Decidueye,Ghost,Ghost-724Decidueye.png
1077,#725,Litten,Fire,Fire-725Litten.png
1078,#726,Torracat,Fire,Fire-726Torracat.png
1079,#727,Incineroar,Fire,Fire-727Incineroar.png
1080,#727,Incineroar,Dark,Dark-727Incineroar.png
1081,#728,Popplio,Water,Water-728Popplio.png
1082,#729,Brionne,Water,Water-729Brionne.png
1083,#730,Primarina,Water,Water-730Primarina.png
1084,#730,Primarina,Fairy,Fairy-730Primarina.png
1085,#731,Pikipek,Normal,Normal-731Pikipek.png
1086,#731,Pikipek,Flying,Flying-731Pikipek.png
1087,#732,Trumbeak,Normal,Normal-732Trumbeak.png
1088,#732,Trumbeak,Flying,Flying-732Trumbeak.png
1089,#733,Toucannon,Normal,Normal-733Toucannon.png
1090,#733,Toucannon,Flying,Flying-733Toucannon.png
1091,#734,Yungoos,Normal,Normal-734Yungoos.png
1092,#735,Gumshoos,Normal,Normal-735Gumshoos.png
1093,#736,Grubbin,Bug,Bug-736Grubbin.png
1094,#737,Charjabug,Bug,Bug-737Charjabug.png
1095,#737,Charjabug,Electric,Electric-737Charjabug.png
1096,#738,Vikavolt,Bug,Bug-738Vikavolt.png
1097,#738,Vikavolt,Electric,Electric-738Vikavolt.png
1098,#739,Crabrawler,Fighting,Fighting-739Crabrawler.png
1099,#740,Crabominable,Fighting,Fighting-740Crabominable.png
1100,#740,Crabominable,Ice,Ice-740Crabominable.png
1101,#741,Oricorio,Fire,Fire-741Oricorio-Baile.png
1102,#741,Oricorio,Flying,Flying-741Oricorio-Baile.png
1103,#742,Cutiefly,Bug,Bug-742Cutiefly.png
1104,#742,Cutiefly,Fairy,Fairy-742Cutiefly.png
1105,#743,Ribombee,Bug,Bug-743Ribombee.png
1106,#743,Ribombee,Fairy,Fairy-743Ribombee.png
1107,#744,Rockruff,Rock,Rock-744Rockruff.png
1108,#745,Lycanroc,Rock,Rock-745Lycanroc.png
1109,#746,Wishiwashi,Water,Water-746Wishiwashi-Solo.png
1110,#747,Mareanie,Poison,Poison-747Mareanie.png
1111,#747,Mareanie,Water,Water-747Mareanie.png
1112,#748,Toxapex,Poison,Poison-748Toxapex.png
1113,#748,Toxapex,Water,Water-748Toxapex.png
1114,#749,Mudbray,Ground,Ground-749Mudbray.png
1115,#750,Mudsdale,Ground,Ground-750Mudsdale.png
1116,#751,Dewpider,Water,Water-751Dewpider.png
1117,#751,Dewpider,Bug,Bug-751Dewpider.png
1118,#752,Araquanid,Water,Water-752Araquanid.png
1119,#752,Araquanid,Bug,Bug-752Araquanid.png
1120,#753,Fomantis,Grass,Grass-753Fomantis.png
1121,#754,Lurantis,Grass,Grass-754Lurantis.png
1122,#755,Morelull,Grass,Grass-755Morelull.png
1123,#755,Morelull,Fairy,Fairy-755Morelull.png
1124,#756,Shiinotic,Grass,Grass-756Shiinotic.png
1125,#756,Shiinotic,Fairy,Fairy-756Shiinotic.png
1126,#757,Salandit,Poison,Poison-757Salandit.png
1127,#757,Salandit,Fire,Fire-757Salandit.png
1128,#758,Salazzle,Poison,Poison-758Salazzle.png
1129,#758,Salazzle,Fire,Fire-758Salazzle.png
1130,#759,Stufful,Normal,Normal-759Stufful.png
1131,#759,Stufful,Fighting,Fighting-759Stufful.png
1132,#760,Bewear,Normal,Normal-760Bewear.png
1133,#760,Bewear,Fighting,Fighting-760Bewear.png
1134,#761,Bounsweet,Grass,Grass-761Bounsweet.png
1135,#762,Steenee,Grass,Grass-762Steenee.png
1136,#763,Tsareena,Grass,Grass-763Tsareena.png
1137,#764,Comfey,Fairy,Fairy-764Comfey.png
1138,#765,Oranguru,Normal,Normal-765Oranguru.png
1139,#765,Oranguru,Psychic,Psychic-765Oranguru.png
1140,#766,Passimian,Fighting,Fighting-766Passimian.png
1141,#767,Wimpod,Bug,Bug-767Wimpod.png
1142,#767,Wimpod,Water,Water-767Wimpod.png
1143,#768,Golisopod,Bug,Bug-768Golisopod.png
1144,#768,Golisopod,Water,Water-768Golisopod.png
1145,#769,Sandygast,Ghost,Ghost-769Sandygast.png
1146,#769,Sandygast,Ground,Ground-769Sandygast.png
1147,#770,Palossand,Ghost,Ghost-770Palossand.png
1148,#770,Palossand,Ground,Ground-770Palossand.png
1149,#771,Pyukumuku,Water,Water-771Pyukumuku.png
1150,#772,Type: Null,Normal,Normal-772Type_Null.png
1151,#773,Silvally,Normal,Normal-773Silvally.png
1152,#774,Minior,Rock,Rock-774Minior.png
1153,#774,Minior,Flying,Flying-774Minior.png
1154,#775,Komala,Normal,Normal-775Komala.png
1155,#776,Turtonator,Fire,Fire-776Turtonator.png
1156,#776,Turtonator,Dragon,Dragon-776Turtonator.png
1157,#777,Togedemaru,Electric,Electric-777Togedemaru.png
1158,#777,Togedemaru,Steel,Steel-777Togedemaru.png
1159,#778,Mimikyu,Ghost,Ghost-778Mimikyu.png
1160,#778,Mimikyu,Fairy,Fairy-778Mimikyu.png
1161,#779,Bruxish,Water,Water-779Bruxish.png
1162,#779,Bruxish,Psychic,Psychic-779Bruxish.png
1163,#780,Drampa,Normal,Normal-780Drampa.png
1164,#780,Drampa,Dragon,Dragon-780Drampa.png
1165,#781,Dhelmise,Ghost,Ghost-781Dhelmise.png
1166,#781,Dhelmise,Grass,Grass-781Dhelmise.png
1167,#782,Jangmo-o,Dragon,Dragon-782Jangmo-o.png
1168,#783,Hakamo-o,Dragon,Dragon-783Hakamo-o.png
1169,#783,Hakamo-o,Fighting,Fighting-783Hakamo-o.png
1170,#784,Kommo-o,Dragon,Dragon-784Kommo-o.png
1171,#784,Kommo-o,Fighting,Fighting-784Kommo-o.png
1172,#785,Tapu Koko,Electric,Electric-785Tapu_Koko.png
1173,#785,Tapu Koko,Fairy,Fairy-785Tapu_Koko.png
1174,#786,Tapu Lele,Psychic,Psychic-786Tapu_Lele.png
1175,#786,Tapu Lele,Fairy,Fairy-786Tapu_Lele.png
1176,#787,Tapu Bulu,Grass,Grass-787Tapu_Bulu.png
1177,#787,Tapu Bulu,Fairy,Fairy-787Tapu_Bulu.png
1178,#788,Tapu Fini,Water,Water-788Tapu_Fini.png
1179,#788,Tapu Fini,Fairy,Fairy-788Tapu_Fini.png
1180,#789,Cosmog,Psychic,Psychic-789Cosmog.png
1181,#790,Cosmoem,Psychic,Psychic-790Cosmoem.png
1182,#791,Solgaleo,Psychic,Psychic-791Solgaleo.png
1183,#791,Solgaleo,Steel,Steel-791Solgaleo.png
1184,#792,Lunala,Psychic,Psychic-792Lunala.png
1185,#792,Lunala,Ghost,Ghost-792Lunala.png
1186,#793,Nihilego,Rock,Rock-793Nihilego.png
1187,#793,Nihilego,Poison,Poison-793Nihilego.png
1188,#794,Buzzwole,Bug,Bug-794Buzzwole.png
1189,#794,Buzzwole,Fighting,Fighting-794Buzzwole.png
1190,#795,Pheromosa,Bug,Bug-795Pheromosa.png
1191,#795,Pheromosa,Fighting,Fighting-795Pheromosa.png
1192,#796,Xurkitree,Electric,Electric-796Xurkitree.png
1193,#797,Celesteela,Steel,Steel-797Celesteela.png
1194,#797,Celesteela,Flying,Flying-797Celesteela.png
1195,#798,Kartana,Grass,Grass-798Kartana.png
1196,#798,Kartana,Steel,Steel-798Kartana.png
1197,#799,Guzzlord,Dark,Dark-799Guzzlord.png
1198,#799,Guzzlord,Dragon,Dragon-799Guzzlord.png
1199,#800,Necrozma,Psychic,Psychic-800Necrozma.png
1200,#801,Magearna,Steel,Steel-801Magearna.png
1201,#801,Magearna,Fairy,Fairy-801Magearna.png
1202,#802,Marshadow,Fighting,Fighting-802Marshadow.png
1203,#802,Marshadow,Ghost,Ghost-802Marshadow.png
1204,#803,Poipole,Poison,Poison-803Poipole.png
1205,#804,Naganadel,Poison,Poison-804Naganadel.png
1206,#804,Naganadel,Dragon,Dragon-804Naganadel.png
1207,#805,Stakataka,Rock,Rock-805Stakataka.png
1208,#805,Stakataka,Steel,Steel-805Stakataka.png
1209,#806,Blacephalon,Fire,Fire-806Blacephalon.png
1210,#806,Blacephalon,Ghost,Ghost-806Blacephalon.png
1211,#807,Zeraora,Electric,Electric-807Zeraora.png
1212,#808,Meltan,Steel,Steel-808Meltan.png
1213,#809,Melmetal,Steel,Steel-809Melmetal.png
