,Nat_Dex,Name,Files,Bug,Dark,Dragon,Electric,Fairy,Fighting,Fire,Flying,Ghost,Grass,Ground,Ice,Normal,Poison,Psychic,Rock,Steel,Water
0,001,Bulbasaur,001Bulbasaur.png,0,0,0,0,0,0,0,0,0,1,0,0,0,1,0,0,0,0
1,002,Ivysaur,002Ivysaur.png,0,0,0,0,0,0,0,0,0,1,0,0,0,1,0,0,0,0
2,003,Venusaur,003Venusaur.png,0,0,0,0,0,0,0,0,0,1,0,0,0,1,0,0,0,0
3,004,Charmander,004Charmander.png,0,0,0,0,0,0,1,0,0,0,0,0,0,0,0,0,0,0
4,005,Charmeleon,005Charmeleon.png,0,0,0,0,0,0,1,0,0,0,0,0,0,0,0,0,0,0
5,006,Charizard,006Charizard.png,0,0,0,0,0,0,1,1,0,0,0,0,0,0,0,0,0,0
6,007,Squirtle,007Squirtle.png,0,0,0,0,0,0,0,0,0,0,0,0,0,0,0,0,0,1
7,008,Wartortle,008Wartortle.png,0,0,0,0,0,0,0,0,0,0,0,0,0,0,0,0,0,1
8,009,Blastoise,009Blastoise.png,0,0,0,0,0,0,0,0,0,0,0,0,0,0,0,0,0,1
9,010,Caterpie,010Caterpie.png,1,0,0,0,0,0,0,0,0,0,0,0,0,0,0,0,0,0
10,011,Metapod,011Metapod.png,1,0,0,0,0,0,0,0,0,0,0,0,0,0,0,0,0,0
11,012,Butterfree,012Butterfree.png,1,0,0,0,0,0,0,1,0,0,0,0,0,0,0,0,0,0
12,013,Weedle,013Weedle.png,1,0,0,0,0,0,0,0,0,0,0,0,0,1,0,0,0,0
13,014,Kakuna,014Kakuna.png,1,0,0,0,0,0,0,0,0,0,0,0,0,1,0,0,0,0
14,015,Beedrill,015Beedrill.png,1,0,0,0,0,0,0,0,0,0,0,0,0,1,0,0,0,0
15,016,Pidgey,016Pidgey.png,0,0,0,0,0,0,0,1,0,0,0,0,1,0,0,0,0,0
16,017,Pidgeotto,017Pidgeotto.png,0,0,0,0,0,0,0,1,0,0,0,0,1,0,0,0,0,0
17,018,Pidgeot,018Pidgeot.png,0,0,0,0,0,0,0,1,0,0,0,0,1,0,0,0,0,0
18,019,Rattata,019Rattata.png,0,0,0,0,0,0,0,0,0,0,0,0,1,0,0,0,0,0
19,020,Raticate,020Raticate.png,0,0,0,0,0,0,0,0,0,0,0,0,1,0,0,0,0,0
20,021,Spearow,021Spearow.png,0,0,0,0,0,0,0,1,0,0,0,0,1,0,0,0,0,0
21,022,Fearow,022Fearow.png,0,0,0,0,0,0,0,1,0,0,0,0,1,0,0,0,0,0
22,023,Ekans,023Ekans.png,0,0,0,0,0,0,0,0,0,0,0,0,0,1,0,0,0,0
23,024,Arbok,024Arbok.png,0,0,0,0,0,0,0,0,0,0,0,0,0,1,0,0,0,0
24,025,Pikachu,025Pikachu.png,0,0,0,1,0,0,0,0,0,0,0,0,0,0,0,0,0,0
25,026,Raichu,026Raichu.png,0,0,0,1,0,0,0,0,0,0,0,0,0,0,0,0,0,0
26,027,Sandshrew,027Sandshrew.png,0,0,0,0,0,0,0,0,0,0,1,0,0,0,0,0,0,0
27,028,Sandslash,028Sandslash.png,0,0,0,0,0,0,0,0,0,0,1,0,0,0,0,0,0,0
28,029,Nidoran♀,029Nidoran.png,0,0,0,0,0,0,0,0,0,0,0,0,0,1,0,0,0,0
29,030,Nidorina,030Nidorina.png,0,0,0,0,0,0,0,0,0,0,0,0,0,1,0,0,0,0
30,031,Nidoqueen,031Nidoqueen.png,0,0,0,0,0,0,0,0,0,0,1,0,0,1,0,0,0,0
31,032,Nidoran♂,032Nidoran.png,0,0,0,0,0,0,0,0,0,0,0,0,0,1,0,0,0,0
32,033,Nidorino,033Nidorino.png,0,0,0,0,0,0,0,0,0,0,0,0,0,1,0,0,0,0
33,034,Nidoking,034Nidoking.png,0,0,0,0,0,0,0,0,0,0,1,0,0,1,0,0,0,0
34,035,Clefairy,035Clefairy.png,0,0,0,0,1,0,0,0,0,0,0,0,0,0,0,0,0,0
35,036,Clefable,036Clefable.png,0,0,0,0,1,0,0,0,0,0,0,0,0,0,0,0,0,0
36,037,Vulpix,037Vulpix.png,0,0,0,0,0,0,1,0,0,0,0,0,0,0,0,0,0,0
37,038,Ninetales,038Ninetales.png,0,0,0,0,0,0,1,0,0,0,0,0,0,0,0,0,0,0
38,039,Jigglypuff,039Jigglypuff.png,0,0,0,0,1,0,0,0,0,0,0,0,1,0,0,0,0,0
39,040,Wigglytuff,040Wigglytuff.png,0,0,0,0,1,0,0,0,0,0,0,0,1,0,0,0,0,0
40,041,Zubat,041Zubat.png,0,0,0,0,0,0,0,1,0,0,0,0,0,1,0,0,0,0
41,042,Golbat,042Golbat.png,0,0,0,0,0,0,0,1,0,0,0,0,0,1,0,0,0,0
42,043,Oddish,043Oddish.png,0,0,0,0,0,0,0,0,0,1,0,0,0,1,0,0,0,0
43,044,Gloom,044Gloom.png,0,0,0,0,0,0,0,0,0,1,0,0,0,1,0,0,0,0
44,045,Vileplume,045Vileplume.png,0,0,0,0,0,0,0,0,0,1,0,0,0,1,0,0,0,0
45,046,Paras,046Paras.png,1,0,0,0,0,0,0,0,0,1,0,0,0,0,0,0,0,0
46,047,Parasect,047Parasect.png,1,0,0,0,0,0,0,0,0,1,0,0,0,0,0,0,0,0
47,048,Venonat,048Venonat.png,1,0,0,0,0,0,0,0,0,0,0,0,0,1,0,0,0,0
48,049,Venomoth,049Venomoth.png,1,0,0,0,0,0,0,0,0,0,0,0,0,1,0,0,0,0
49,050,Diglett,050Diglett.png,0,0,0,0,0,0,0,0,0,0,1,0,0,0,0,0,0,0
50,051,Dugtrio,051Dugtrio.png,0,0,0,0,0,0,0,0,0,0,1,0,0,0,0,0,0,0
51,052,Meowth,052Meowth.png,0,0,0,0,0,0,0,0,0,0,0,0,1,0,0,0,0,0
52,053,Persian,053Persian.png,0,0,0,0,0,0,0,0,0,0,0,0,1,0,0,0,0,0
53,054,Psyduck,054Psyduck.png,0,0,0,0,0,0,0,0,0,0,0,0,0,0,0,0,0,1
54,055,Golduck,055Golduck.png,0,0,0,0,0,0,0,0,0,0,0,0,0,0,0,0,0,1
55,056,Mankey,056Mankey.png,0,0,0,0,0,1,0,0,0,0,0,0,0,0,0,0,0,0
56,057,Primeape,057Primeape.png,0,0,0,0,0,1,0,0,0,0,0,0,0,0,0,0,0,0
57,058,Growlithe,058Growlithe.png,0,0,0,0,0,0,1,0,0,0,0,0,0,0,0,0,0,0
58,059,Arcanine,059Arcanine.png,0,0,0,0,0,0,1,0,0,0,0,0,0,0,0,0,0,0
59,060,Poliwag,060Poliwag.png,0,0,0,0,0,0,0,0,0,0,0,0,0,0,0,0,0,1
60,061,Poliwhirl,061Poliwhirl.png,0,0,0,0,0,0,0,0,0,0,0,0,0,0,0,0,0,1
61,062,Poliwrath,062Poliwrath.png,0,0,0,0,0,1,0,0,0,0,0,0,0,0,0,0,0,1
62,063,Abra,063Abra.png,0,0,0,0,0,0,0,0,0,0,0,0,0,0,1,0,0,0
63,064,Kadabra,064Kadabra.png,0,0,0,0,0,0,0,0,0,0,0,0,0,0,1,0,0,0
64,065,Alakazam,065Alakazam.png,0,0,0,0,0,0,0,0,0,0,0,0,0,0,1,0,0,0
65,066,Machop,066Machop.png,0,0,0,0,0,1,0,0,0,0,0,0,0,0,0,0,0,0
66,067,Machoke,067Machoke.png,0,0,0,0,0,1,0,0,0,0,0,0,0,0,0,0,0,0
67,068,Machamp,068Machamp.png,0,0,0,0,0,1,0,0,0,0,0,0,0,0,0,0,0,0
68,069,Bellsprout,069Bellsprout.png,0,0,0,0,0,0,0,0,0,1,0,0,0,1,0,0,0,0
69,070,Weepinbell,070Weepinbell.png,0,0,0,0,0,0,0,0,0,1,0,0,0,1,0,0,0,0
70,071,Victreebel,071Victreebel.png,0,0,0,0,0,0,0,0,0,1,0,0,0,1,0,0,0,0
71,072,Tentacool,072Tentacool.png,0,0,0,0,0,0,0,0,0,0,0,0,0,1,0,0,0,1
72,073,Tentacruel,073Tentacruel.png,0,0,0,0,0,0,0,0,0,0,0,0,0,1,0,0,0,1
73,074,Geodude,074Geodude.png,0,0,0,0,0,0,0,0,0,0,1,0,0,0,0,1,0,0
74,075,Graveler,075Graveler.png,0,0,0,0,0,0,0,0,0,0,1,0,0,0,0,1,0,0
75,076,Golem,076Golem.png,0,0,0,0,0,0,0,0,0,0,1,0,0,0,0,1,0,0
76,077,Ponyta,077Ponyta.png,0,0,0,0,0,0,1,0,0,0,0,0,0,0,0,0,0,0
77,078,Rapidash,078Rapidash.png,0,0,0,0,0,0,1,0,0,0,0,0,0,0,0,0,0,0
78,079,Slowpoke,079Slowpoke.png,0,0,0,0,0,0,0,0,0,0,0,0,0,0,1,0,0,1
79,080,Slowbro,080Slowbro.png,0,0,0,0,0,0,0,0,0,0,0,0,0,0,1,0,0,1
80,081,Magnemite,081Magnemite.png,0,0,0,1,0,0,0,0,0,0,0,0,0,0,0,0,1,0
81,082,Magneton,082Magneton.png,0,0,0,1,0,0,0,0,0,0,0,0,0,0,0,0,1,0
82,083,Farfetch'd,083Farfetch%27d.png,0,0,0,0,0,0,0,1,0,0,0,0,1,0,0,0,0,0
83,084,Doduo,084Doduo.png,0,0,0,0,0,0,0,1,0,0,0,0,1,0,0,0,0,0
84,085,Dodrio,085Dodrio.png,0,0,0,0,0,0,0,1,0,0,0,0,1,0,0,0,0,0
85,086,Seel,086Seel.png,0,0,0,0,0,0,0,0,0,0,0,0,0,0,0,0,0,1
86,087,Dewgong,087Dewgong.png,0,0,0,0,0,0,0,0,0,0,0,1,0,0,0,0,0,1
87,088,Grimer,088Grimer.png,0,0,0,0,0,0,0,0,0,0,0,0,0,1,0,0,0,0
88,089,Muk,089Muk.png,0,0,0,0,0,0,0,0,0,0,0,0,0,1,0,0,0,0
89,090,Shellder,090Shellder.png,0,0,0,0,0,0,0,0,0,0,0,0,0,0,0,0,0,1
90,091,Cloyster,091Cloyster.png,0,0,0,0,0,0,0,0,0,0,0,1,0,0,0,0,0,1
91,092,Gastly,092Gastly.png,0,0,0,0,0,0,0,0,1,0,0,0,0,1,0,0,0,0
92,093,Haunter,093Haunter.png,0,0,0,0,0,0,0,0,1,0,0,0,0,1,0,0,0,0
93,094,Gengar,094Gengar.png,0,0,0,0,0,0,0,0,1,0,0,0,0,1,0,0,0,0
94,095,Onix,095Onix.png,0,0,0,0,0,0,0,0,0,0,1,0,0,0,0,1,0,0
95,096,Drowzee,096Drowzee.png,0,0,0,0,0,0,0,0,0,0,0,0,0,0,1,0,0,0
96,097,Hypno,097Hypno.png,0,0,0,0,0,0,0,0,0,0,0,0,0,0,1,0,0,0
97,098,Krabby,098Krabby.png,0,0,0,0,0,0,0,0,0,0,0,0,0,0,0,0,0,1
98,099,Kingler,099Kingler.png,0,0,0,0,0,0,0,0,0,0,0,0,0,0,0,0,0,1
99,100,Voltorb,100Voltorb.png,0,0,0,1,0,0,0,0,0,0,0,0,0,0,0,0,0,0
100,101,Electrode,101Electrode.png,0,0,0,1,0,0,0,0,0,0,0,0,0,0,0,0,0,0
101,102,Exeggcute,102Exeggcute.png,0,0,0,0,0,0,0,0,0,1,0,0,0,0,1,0,0,0
102,103,Exeggutor,103Exeggutor.png,0,0,0,0,0,0,0,0,0,1,0,0,0,0,1,0,0,0
103,104,Cubone,104Cubone.png,0,0,0,0,0,0,0,0,0,0,1,0,0,0,0,0,0,0
104,105,Marowak,105Marowak.png,0,0,0,0,0,0,0,0,0,0,1,0,0,0,0,0,0,0
105,106,Hitmonlee,106Hitmonlee.png,0,0,0,0,0,1,0,0,0,0,0,0,0,0,0,0,0,0
106,107,Hitmonchan,107Hitmonchan.png,0,0,0,0,0,1,0,0,0,0,0,0,0,0,0,0,0,0
107,108,Lickitung,108Lickitung.png,0,0,0,0,0,0,0,0,0,0,0,0,1,0,0,0,0,0
108,109,Koffing,109Koffing.png,0,0,0,0,0,0,0,0,0,0,0,0,0,1,0,0,0,0
109,110,Weezing,110Weezing.png,0,0,0,0,0,0,0,0,0,0,0,0,0,1,0,0,0,0
110,111,Rhyhorn,111Rhyhorn.png,0,0,0,0,0,0,0,0,0,0,1,0,0,0,0,1,0,0
111,112,Rhydon,112Rhydon.png,0,0,0,0,0,0,0,0,0,0,1,0,0,0,0,1,0,0
112,113,Chansey,113Chansey.png,0,0,0,0,0,0,0,0,0,0,0,0,1,0,0,0,0,0
113,114,Tangela,114Tangela.png,0,0,0,0,0,0,0,0,0,1,0,0,0,0,0,0,0,0
114,115,Kangaskhan,115Kangaskhan.png,0,0,0,0,0,0,0,0,0,0,0,0,1,0,0,0,0,0
115,116,Horsea,116Horsea.png,0,0,0,0,0,0,0,0,0,0,0,0,0,0,0,0,0,1
116,117,Seadra,117Seadra.png,0,0,0,0,0,0,0,0,0,0,0,0,0,0,0,0,0,1
117,118,Goldeen,118Goldeen.png,0,0,0,0,0,0,0,0,0,0,0,0,0,0,0,0,0,1
118,119,Seaking,119Seaking.png,0,0,0,0,0,0,0,0,0,0,0,0,0,0,0,0,0,1
119,120,Staryu,120Staryu.png,0,0,0,0,0,0,0,0,0,0,0,0,0,0,0,0,0,1
120,121,Starmie,121Starmie.png,0,0,0,0,0,0,0,0,0,0,0,0,0,0,1,0,0,1
121,122,Mr. Mime,122Mr._Mime.png,0,0,0,0,1,0,0,0,0,0,0,0,0,0,1,0,0,0
122,123,Scyther,123Scyther.png,1,0,0,0,0,0,0,1,0,0,0,0,0,0,0,0,0,0
123,124,Jynx,124Jynx.png,0,0,0,0,0,0,0,0,0,0,0,1,0,0,1,0,0,0
124,125,Electabuzz,125Electabuzz.png,0,0,0,1,0,0,0,0,0,0,0,0,0,0,0,0,0,0
125,126,Magmar,126Magmar.png,0,0,0,0,0,0,1,0,0,0,0,0,0,0,0,0,0,0
126,127,Pinsir,127Pinsir.png,1,0,0,0,0,0,0,0,0,0,0,0,0,0,0,0,0,0
127,128,Tauros,128Tauros.png,0,0,0,0,0,0,0,0,0,0,0,0,1,0,0,0,0,0
128,129,Magikarp,129Magikarp.png,0,0,0,0,0,0,0,0,0,0,0,0,0,0,0,0,0,1
129,130,Gyarados,130Gyarados.png,0,0,0,0,0,0,0,1,0,0,0,0,0,0,0,0,0,1
130,131,Lapras,131Lapras.png,0,0,0,0,0,0,0,0,0,0,0,1,0,0,0,0,0,1
131,132,Ditto,132Ditto.png,0,0,0,0,0,0,0,0,0,0,0,0,1,0,0,0,0,0
132,133,Eevee,133Eevee.png,0,0,0,0,0,0,0,0,0,0,0,0,1,0,0,0,0,0
133,134,Vaporeon,134Vaporeon.png,0,0,0,0,0,0,0,0,0,0,0,0,0,0,0,0,0,1
134,135,Jolteon,135Jolteon.png,0,0,0,1,0,0,0,0,0,0,0,0,0,0,0,0,0,0
135,136,Flareon,136Flareon.png,0,0,0,0,0,0,1,0,0,0,0,0,0,0,0,0,0,0
136,137,Porygon,137Porygon.png,0,0,0,0,0,0,0,0,0,0,0,0,1,0,0,0,0,0
137,138,Omanyte,138Omanyte.png,0,0,0,0,0,0,0,0,0,0,0,0,0,0,0,1,0,1
138,139,Omastar,139Omastar.png,0,0,0,0,0,0,0,0,0,0,0,0,0,0,0,1,0,1
139,140,Kabuto,140Kabuto.png,0,0,0,0,0,0,0,0,0,0,0,0,0,0,0,1,0,1
140,141,Kabutops,141Kabutops.png,0,0,0,0,0,0,0,0,0,0,0,0,0,0,0,1,0,1
141,142,Aerodactyl,142Aerodactyl.png,0,0,0,0,0,0,0,1,0,0,0,0,0,0,0,1,0,0
142,143,Snorlax,143Snorlax.png,0,0,0,0,0,0,0,0,0,0,0,0,1,0,0,0,0,0
143,144,Articuno,144Articuno.png,0,0,0,0,0,0,0,1,0,0,0,1,0,0,0,0,0,0
144,145,Zapdos,145Zapdos.png,0,0,0,1,0,0,0,1,0,0,0,0,0,0,0,0,0,0
145,146,Moltres,146Moltres.png,0,0,0,0,0,0,1,1,0,0,0,0,0,0,0,0,0,0
146,147,Dratini,147Dratini.png,0,0,1,0,0,0,0,0,0,0,0,0,0,0,0,0,0,0
147,148,Dragonair,148Dragonair.png,0,0,1,0,0,0,0,0,0,0,0,0,0,0,0,0,0,0
148,149,Dragonite,149Dragonite.png,0,0,1,0,0,0,0,1,0,0,0,0,0,0,0,0,0,0
149,150,Mewtwo,150Mewtwo.png,0,0,0,0,0,0,0,0,0,0,0,0,0,0,1,0,0,0
150,151,Mew,151Mew.png,0,0,0,0,0,0,0,0,0,0,0,0,0,0,1,0,0,0
151,152,Chikorita,152Chikorita.png,0,0,0,0,0,0,0,0,0,1,0,0,0,0,0,0,0,0
152,153,Bayleef,153Bayleef.png,0,0,0,0,0,0,0,0,0,1,0,0,0,0,0,0,0,0
153,154,Meganium,154Meganium.png,0,0,0,0,0,0,0,0,0,1,0,0,0,0,0,0,0,0
154,155,Cyndaquil,155Cyndaquil.png,0,0,0,0,0,0,1,0,0,0,0,0,0,0,0,0,0,0
155,156,Quilava,156Quilava.png,0,0,0,0,0,0,1,0,0,0,0,0,0,0,0,0,0,0
156,157,Typhlosion,157Typhlosion.png,0,0,0,0,0,0,1,0,0,0,0,0,0,0,0,0,0,0
157,158,Totodile,158Totodile.png,0,0,0,0,0,0,0,0,0,0,0,0,0,0,0,0,0,1
158,159,Croconaw,159Croconaw.png,0,0,0,0,0,0,0,0,0,0,0,0,0,0,0,0,0,1
159,160,Feraligatr,160Feraligatr.png,0,0,0,0,0,0,0,0,0,0,0,0,0,0,0,0,0,1
160,161,Sentret,161Sentret.png,0,0,0,0,0,0,0,0,0,0,0,0,1,0,0,0,0,0
161,162,Furret,162Furret.png,0,0,0,0,0,0,0,0,0,0,0,0,1,0,0,0,0,0
162,163,Hoothoot,163Hoothoot.png,0,0,0,0,0,0,0,1,0,0,0,0,1,0,0,0,0,0
163,164,Noctowl,164Noctowl.png,0,0,0,0,0,0,0,1,0,0,0,0,1,0,0,0,0,0
164,165,Ledyba,165Ledyba.png,1,0,0,0,0,0,0,1,0,0,0,0,0,0,0,0,0,0
165,166,Ledian,166Ledian.png,1,0,0,0,0,0,0,1,0,0,0,0,0,0,0,0,0,0
166,167,Spinarak,167Spinarak.png,1,0,0,0,0,0,0,0,0,0,0,0,0,1,0,0,0,0
167,168,Ariados,168Ariados.png,1,0,0,0,0,0,0,0,0,0,0,0,0,1,0,0,0,0
168,169,Crobat,169Crobat.png,0,0,0,0,0,0,0,1,0,0,0,0,0,1,0,0,0,0
169,170,Chinchou,170Chinchou.png,0,0,0,1,0,0,0,0,0,0,0,0,0,0,0,0,0,1
170,171,Lanturn,171Lanturn.png,0,0,0,1,0,0,0,0,0,0,0,0,0,0,0,0,0,1
171,172,Pichu,172Pichu.png,0,0,0,1,0,0,0,0,0,0,0,0,0,0,0,0,0,0
172,173,Cleffa,173Cleffa.png,0,0,0,0,1,0,0,0,0,0,0,0,0,0,0,0,0,0
173,174,Igglybuff,174Igglybuff.png,0,0,0,0,1,0,0,0,0,0,0,0,1,0,0,0,0,0
174,175,Togepi,175Togepi.png,0,0,0,0,1,0,0,0,0,0,0,0,0,0,0,0,0,0
175,176,Togetic,176Togetic.png,0,0,0,0,1,0,0,1,0,0,0,0,0,0,0,0,0,0
176,177,Natu,177Natu.png,0,0,0,0,0,0,0,1,0,0,0,0,0,0,1,0,0,0
177,178,Xatu,178Xatu.png,0,0,0,0,0,0,0,1,0,0,0,0,0,0,1,0,0,0
178,179,Mareep,179Mareep.png,0,0,0,1,0,0,0,0,0,0,0,0,0,0,0,0,0,0
179,180,Flaaffy,180Flaaffy.png,0,0,0,1,0,0,0,0,0,0,0,0,0,0,0,0,0,0
180,181,Ampharos,181Ampharos.png,0,0,0,1,0,0,0,0,0,0,0,0,0,0,0,0,0,0
181,182,Bellossom,182Bellossom.png,0,0,0,0,0,0,0,0,0,1,0,0,0,0,0,0,0,0
182,183,Marill,183Marill.png,0,0,0,0,1,0,0,0,0,0,0,0,0,0,0,0,0,1
183,184,Azumarill,184Azumarill.png,0,0,0,0,1,0,0,0,0,0,0,0,0,0,0,0,0,1
184,185,Sudowoodo,185Sudowoodo.png,0,0,0,0,0,0,0,0,0,0,0,0,0,0,0,1,0,0
185,186,Politoed,186Politoed.png,0,0,0,0,0,0,0,0,0,0,0,0,0,0,0,0,0,1
186,187,Hoppip,187Hoppip.png,0,0,0,0,0,0,0,1,0,1,0,0,0,0,0,0,0,0
187,188,Skiploom,188Skiploom.png,0,0,0,0,0,0,0,1,0,1,0,0,0,0,0,0,0,0
188,189,Jumpluff,189Jumpluff.png,0,0,0,0,0,0,0,1,0,1,0,0,0,0,0,0,0,0
189,190,Aipom,190Aipom.png,0,0,0,0,0,0,0,0,0,0,0,0,1,0,0,0,0,0
190,191,Sunkern,191Sunkern.png,0,0,0,0,0,0,0,0,0,1,0,0,0,0,0,0,0,0
191,192,Sunflora,192Sunflora.png,0,0,0,0,0,0,0,0,0,1,0,0,0,0,0,0,0,0
192,193,Yanma,193Yanma.png,1,0,0,0,0,0,0,1,0,0,0,0,0,0,0,0,0,0
193,194,Wooper,194Wooper.png,0,0,0,0,0,0,0,0,0,0,1,0,0,0,0,0,0,1
194,195,Quagsire,195Quagsire.png,0,0,0,0,0,0,0,0,0,0,1,0,0,0,0,0,0,1
195,196,Espeon,196Espeon.png,0,0,0,0,0,0,0,0,0,0,0,0,0,0,1,0,0,0
196,197,Umbreon,197Umbreon.png,0,1,0,0,0,0,0,0,0,0,0,0,0,0,0,0,0,0
197,198,Murkrow,198Murkrow.png,0,1,0,0,0,0,0,1,0,0,0,0,0,0,0,0,0,0
198,199,Slowking,199Slowking.png,0,0,0,0,0,0,0,0,0,0,0,0,0,0,1,0,0,1
199,200,Misdreavus,200Misdreavus.png,0,0,0,0,0,0,0,0,1,0,0,0,0,0,0,0,0,0
200,201,Unown,201Unown.png,0,0,0,0,0,0,0,0,0,0,0,0,0,0,1,0,0,0
201,202,Wobbuffet,202Wobbuffet.png,0,0,0,0,0,0,0,0,0,0,0,0,0,0,1,0,0,0
202,203,Girafarig,203Girafarig.png,0,0,0,0,0,0,0,0,0,0,0,0,1,0,1,0,0,0
203,204,Pineco,204Pineco.png,1,0,0,0,0,0,0,0,0,0,0,0,0,0,0,0,0,0
204,205,Forretress,205Forretress.png,1,0,0,0,0,0,0,0,0,0,0,0,0,0,0,0,1,0
205,206,Dunsparce,206Dunsparce.png,0,0,0,0,0,0,0,0,0,0,0,0,1,0,0,0,0,0
206,207,Gligar,207Gligar.png,0,0,0,0,0,0,0,1,0,0,1,0,0,0,0,0,0,0
207,208,Steelix,208Steelix.png,0,0,0,0,0,0,0,0,0,0,1,0,0,0,0,0,1,0
208,209,Snubbull,209Snubbull.png,0,0,0,0,1,0,0,0,0,0,0,0,0,0,0,0,0,0
209,210,Granbull,210Granbull.png,0,0,0,0,1,0,0,0,0,0,0,0,0,0,0,0,0,0
210,211,Qwilfish,211Qwilfish.png,0,0,0,0,0,0,0,0,0,0,0,0,0,1,0,0,0,1
211,212,Scizor,212Scizor.png,1,0,0,0,0,0,0,0,0,0,0,0,0,0,0,0,1,0
212,213,Shuckle,213Shuckle.png,1,0,0,0,0,0,0,0,0,0,0,0,0,0,0,1,0,0
213,214,Heracross,214Heracross.png,1,0,0,0,0,1,0,0,0,0,0,0,0,0,0,0,0,0
214,215,Sneasel,215Sneasel.png,0,1,0,0,0,0,0,0,0,0,0,1,0,0,0,0,0,0
215,216,Teddiursa,216Teddiursa.png,0,0,0,0,0,0,0,0,0,0,0,0,1,0,0,0,0,0
216,217,Ursaring,217Ursaring.png,0,0,0,0,0,0,0,0,0,0,0,0,1,0,0,0,0,0
217,218,Slugma,218Slugma.png,0,0,0,0,0,0,1,0,0,0,0,0,0,0,0,0,0,0
218,219,Magcargo,219Magcargo.png,0,0,0,0,0,0,1,0,0,0,0,0,0,0,0,1,0,0
219,220,Swinub,220Swinub.png,0,0,0,0,0,0,0,0,0,0,1,1,0,0,0,0,0,0
220,221,Piloswine,221Piloswine.png,0,0,0,0,0,0,0,0,0,0,1,1,0,0,0,0,0,0
221,222,Corsola,222Corsola.png,0,0,0,0,0,0,0,0,0,0,0,0,0,0,0,1,0,1
222,223,Remoraid,223Remoraid.png,0,0,0,0,0,0,0,0,0,0,0,0,0,0,0,0,0,1
223,224,Octillery,224Octillery.png,0,0,0,0,0,0,0,0,0,0,0,0,0,0,0,0,0,1
224,225,Delibird,225Delibird.png,0,0,0,0,0,0,0,1,0,0,0,1,0,0,0,0,0,0
225,226,Mantine,226Mantine.png,0,0,0,0,0,0,0,1,0,0,0,0,0,0,0,0,0,1
226,227,Skarmory,227Skarmory.png,0,0,0,0,0,0,0,1,0,0,0,0,0,0,0,0,1,0
227,228,Houndour,228Houndour.png,0,1,0,0,0,0,1,0,0,0,0,0,0,0,0,0,0,0
228,229,Houndoom,229Houndoom.png,0,1,0,0,0,0,1,0,0,0,0,0,0,0,0,0,0,0
229,230,Kingdra,230Kingdra.png,0,0,1,0,0,0,0,0,0,0,0,0,0,0,0,0,0,1
230,231,Phanpy,231Phanpy.png,0,0,0,0,0,0,0,0,0,0,1,0,0,0,0,0,0,0
231,232,Donphan,232Donphan.png,0,0,0,0,0,0,0,0,0,0,1,0,0,0,0,0,0,0
232,233,Porygon2,233Porygon2.png,0,0,0,0,0,0,0,0,0,0,0,0,1,0,0,0,0,0
233,234,Stantler,234Stantler.png,0,0,0,0,0,0,0,0,0,0,0,0,1,0,0,0,0,0
234,235,Smeargle,235Smeargle.png,0,0,0,0,0,0,0,0,0,0,0,0,1,0,0,0,0,0
235,236,Tyrogue,236Tyrogue.png,0,0,0,0,0,1,0,0,0,0,0,0,0,0,0,0,0,0
236,237,Hitmontop,237Hitmontop.png,0,0,0,0,0,1,0,0,0,0,0,0,0,0,0,0,0,0
237,238,Smoochum,238Smoochum.png,0,0,0,0,0,0,0,0,0,0,0,1,0,0,1,0,0,0
238,239,Elekid,239Elekid.png,0,0,0,1,0,0,0,0,0,0,0,0,0,0,0,0,0,0
239,240,Magby,240Magby.png,0,0,0,0,0,0,1,0,0,0,0,0,0,0,0,0,0,0
240,241,Miltank,241Miltank.png,0,0,0,0,0,0,0,0,0,0,0,0,1,0,0,0,0,0
241,242,Blissey,242Blissey.png,0,0,0,0,0,0,0,0,0,0,0,0,1,0,0,0,0,0
242,243,Raikou,243Raikou.png,0,0,0,1,0,0,0,0,0,0,0,0,0,0,0,0,0,0
243,244,Entei,244Entei.png,0,0,0,0,0,0,1,0,0,0,0,0,0,0,0,0,0,0
244,245,Suicune,245Suicune.png,0,0,0,0,0,0,0,0,0,0,0,0,0,0,0,0,0,1
245,246,Larvitar,246Larvitar.png,0,0,0,0,0,0,0,0,0,0,1,0,0,0,0,1,0,0
246,247,Pupitar,247Pupitar.png,0,0,0,0,0,0,0,0,0,0,1,0,0,0,0,1,0,0
247,248,Tyranitar,248Tyranitar.png,0,1,0,0,0,0,0,0,0,0,0,0,0,0,0,1,0,0
248,249,Lugia,249Lugia.png,0,0,0,0,0,0,0,1,0,0,0,0,0,0,1,0,0,0
249,250,Ho-Oh,250Ho-Oh.png,0,0,0,0,0,0,1,1,0,0,0,0,0,0,0,0,0,0
250,251,Celebi,251Celebi.png,0,0,0,0,0,0,0,0,0,1,0,0,0,0,1,0,0,0
251,252,Treecko,252Treecko.png,0,0,0,0,0,0,0,0,0,1,0,0,0,0,0,0,0,0
252,253,Grovyle,253Grovyle.png,0,0,0,0,0,0,0,0,0,1,0,0,0,0,0,0,0,0
253,254,Sceptile,254Sceptile.png,0,0,0,0,0,0,0,0,0,1,0,0,0,0,0,0,0,0
254,255,Torchic,255Torchic.png,0,0,0,0,0,0,1,0,0,0,0,0,0,0,0,0,0,0
255,256,Combusken,256Combusken.png,0,0,0,0,0,1,1,0,0,0,0,0,0,0,0,0,0,0
256,257,Blaziken,257Blaziken.png,0,0,0,0,0,1,1,0,0,0,0,0,0,0,0,0,0,0
257,258,Mudkip,258Mudkip.png,0,0,0,0,0,0,0,0,0,0,0,0,0,0,0,0,0,1
258,259,Marshtomp,259Marshtomp.png,0,0,0,0,0,0,0,0,0,0,1,0,0,0,0,0,0,1
259,260,Swampert,260Swampert.png,0,0,0,0,0,0,0,0,0,0,1,0,0,0,0,0,0,1
260,261,Poochyena,261Poochyena.png,0,1,0,0,0,0,0,0,0,0,0,0,0,0,0,0,0,0
261,262,Mightyena,262Mightyena.png,0,1,0,0,0,0,0,0,0,0,0,0,0,0,0,0,0,0
262,263,Zigzagoon,263Zigzagoon.png,0,0,0,0,0,0,0,0,0,0,0,0,1,0,0,0,0,0
263,264,Linoone,264Linoone.png,0,0,0,0,0,0,0,0,0,0,0,0,1,0,0,0,0,0
264,265,Wurmple,265Wurmple.png,1,0,0,0,0,0,0,0,0,0,0,0,0,0,0,0,0,0
265,266,Silcoon,266Silcoon.png,1,0,0,0,0,0,0,0,0,0,0,0,0,0,0,0,0,0
266,267,Beautifly,267Beautifly.png,1,0,0,0,0,0,0,1,0,0,0,0,0,0,0,0,0,0
267,268,Cascoon,268Cascoon.png,1,0,0,0,0,0,0,0,0,0,0,0,0,0,0,0,0,0
268,269,Dustox,269Dustox.png,1,0,0,0,0,0,0,0,0,0,0,0,0,1,0,0,0,0
269,270,Lotad,270Lotad.png,0,0,0,0,0,0,0,0,0,1,0,0,0,0,0,0,0,1
270,271,Lombre,271Lombre.png,0,0,0,0,0,0,0,0,0,1,0,0,0,0,0,0,0,1
271,272,Ludicolo,272Ludicolo.png,0,0,0,0,0,0,0,0,0,1,0,0,0,0,0,0,0,1
272,273,Seedot,273Seedot.png,0,0,0,0,0,0,0,0,0,1,0,0,0,0,0,0,0,0
273,274,Nuzleaf,274Nuzleaf.png,0,1,0,0,0,0,0,0,0,1,0,0,0,0,0,0,0,0
274,275,Shiftry,275Shiftry.png,0,1,0,0,0,0,0,0,0,1,0,0,0,0,0,0,0,0
275,276,Taillow,276Taillow.png,0,0,0,0,0,0,0,1,0,0,0,0,1,0,0,0,0,0
276,277,Swellow,277Swellow.png,0,0,0,0,0,0,0,1,0,0,0,0,1,0,0,0,0,0
277,278,Wingull,278Wingull.png,0,0,0,0,0,0,0,1,0,0,0,0,0,0,0,0,0,1
278,279,Pelipper,279Pelipper.png,0,0,0,0,0,0,0,1,0,0,0,0,0,0,0,0,0,1
279,280,Ralts,280Ralts.png,0,0,0,0,1,0,0,0,0,0,0,0,0,0,1,0,0,0
280,281,Kirlia,281Kirlia.png,0,0,0,0,1,0,0,0,0,0,0,0,0,0,1,0,0,0
281,282,Gardevoir,282Gardevoir.png,0,0,0,0,1,0,0,0,0,0,0,0,0,0,1,0,0,0
282,283,Surskit,283Surskit.png,1,0,0,0,0,0,0,0,0,0,0,0,0,0,0,0,0,1
283,284,Masquerain,284Masquerain.png,1,0,0,0,0,0,0,1,0,0,0,0,0,0,0,0,0,0
284,285,Shroomish,285Shroomish.png,0,0,0,0,0,0,0,0,0,1,0,0,0,0,0,0,0,0
285,286,Breloom,286Breloom.png,0,0,0,0,0,1,0,0,0,1,0,0,0,0,0,0,0,0
286,287,Slakoth,287Slakoth.png,0,0,0,0,0,0,0,0,0,0,0,0,1,0,0,0,0,0
287,288,Vigoroth,288Vigoroth.png,0,0,0,0,0,0,0,0,0,0,0,0,1,0,0,0,0,0
288,289,Slaking,289Slaking.png,0,0,0,0,0,0,0,0,0,0,0,0,1,0,0,0,0,0
289,290,Nincada,290Nincada.png,1,0,0,0,0,0,0,0,0,0,1,0,0,0,0,0,0,0
290,291,Ninjask,291Ninjask.png,1,0,0,0,0,0,0,1,0,0,0,0,0,0,0,0,0,0
291,292,Shedinja,292Shedinja.png,1,0,0,0,0,0,0,0,1,0,0,0,0,0,0,0,0,0
292,293,Whismur,293Whismur.png,0,0,0,0,0,0,0,0,0,0,0,0,1,0,0,0,0,0
293,294,Loudred,294Loudred.png,0,0,0,0,0,0,0,0,0,0,0,0,1,0,0,0,0,0
294,295,Exploud,295Exploud.png,0,0,0,0,0,0,0,0,0,0,0,0,1,0,0,0,0,0
295,296,Makuhita,296Makuhita.png,0,0,0,0,0,1,0,0,0,0,0,0,0,0,0,0,0,0
296,297,Hariyama,297Hariyama.png,0,0,0,0,0,1,0,0,0,0,0,0,0,0,0,0,0,0
297,298,Azurill,298Azurill.png,0,0,0,0,1,0,0,0,0,0,0,0,1,0,0,0,0,0
298,299,Nosepass,299Nosepass.png,0,0,0,0,0,0,0,0,0,0,0,0,0,0,0,1,0,0
299,300,Skitty,300Skitty.png,0,0,0,0,0,0,0,0,0,0,0,0,1,0,0,0,0,0
300,301,Delcatty,301Delcatty.png,0,0,0,0,0,0,0,0,0,0,0,0,1,0,0,0,0,0
301,302,Sableye,302Sableye.png,0,1,0,0,0,0,0,0,1,0,0,0,0,0,0,0,0,0
302,303,Mawile,303Mawile.png,0,0,0,0,1,0,0,0,0,0,0,0,0,0,0,0,1,0
303,304,Aron,304Aron.png,0,0,0,0,0,0,0,0,0,0,0,0,0,0,0,1,1,0
304,305,Lairon,305Lairon.png,0,0,0,0,0,0,0,0,0,0,0,0,0,0,0,1,1,0
305,306,Aggron,306Aggron.png,0,0,0,0,0,0,0,0,0,0,0,0,0,0,0,1,1,0
306,307,Meditite,307Meditite.png,0,0,0,0,0,1,0,0,0,0,0,0,0,0,1,0,0,0
307,308,Medicham,308Medicham.png,0,0,0,0,0,1,0,0,0,0,0,0,0,0,1,0,0,0
308,309,Electrike,309Electrike.png,0,0,0,1,0,0,0,0,0,0,0,0,0,0,0,0,0,0
309,310,Manectric,310Manectric.png,0,0,0,1,0,0,0,0,0,0,0,0,0,0,0,0,0,0
310,311,Plusle,311Plusle.png,0,0,0,1,0,0,0,0,0,0,0,0,0,0,0,0,0,0
311,312,Minun,312Minun.png,0,0,0,1,0,0,0,0,0,0,0,0,0,0,0,0,0,0
312,313,Volbeat,313Volbeat.png,1,0,0,0,0,0,0,0,0,0,0,0,0,0,0,0,0,0
313,314,Illumise,314Illumise.png,1,0,0,0,0,0,0,0,0,0,0,0,0,0,0,0,0,0
314,315,Roselia,315Roselia.png,0,0,0,0,0,0,0,0,0,1,0,0,0,1,0,0,0,0
315,316,Gulpin,316Gulpin.png,0,0,0,0,0,0,0,0,0,0,0,0,0,1,0,0,0,0
316,317,Swalot,317Swalot.png,0,0,0,0,0,0,0,0,0,0,0,0,0,1,0,0,0,0
317,318,Carvanha,318Carvanha.png,0,1,0,0,0,0,0,0,0,0,0,0,0,0,0,0,0,1
318,319,Sharpedo,319Sharpedo.png,0,1,0,0,0,0,0,0,0,0,0,0,0,0,0,0,0,1
319,320,Wailmer,320Wailmer.png,0,0,0,0,0,0,0,0,0,0,0,0,0,0,0,0,0,1
320,321,Wailord,321Wailord.png,0,0,0,0,0,0,0,0,0,0,0,0,0,0,0,0,0,1
321,322,Numel,322Numel.png,0,0,0,0,0,0,1,0,0,0,1,0,0,0,0,0,0,0
322,323,Camerupt,323Camerupt.png,0,0,0,0,0,0,1,0,0,0,1,0,0,0,0,0,0,0
323,324,Torkoal,324Torkoal.png,0,0,0,0,0,0,1,0,0,0,0,0,0,0,0,0,0,0
324,325,Spoink,325Spoink.png,0,0,0,0,0,0,0,0,0,0,0,0,0,0,1,0,0,0
325,326,Grumpig,326Grumpig.png,0,0,0,0,0,0,0,0,0,0,0,0,0,0,1,0,0,0
326,327,Spinda,327Spinda.png,0,0,0,0,0,0,0,0,0,0,0,0,1,0,0,0,0,0
327,328,Trapinch,328Trapinch.png,0,0,0,0,0,0,0,0,0,0,1,0,0,0,0,0,0,0
328,329,Vibrava,329Vibrava.png,0,0,1,0,0,0,0,0,0,0,1,0,0,0,0,0,0,0
329,330,Flygon,330Flygon.png,0,0,1,0,0,0,0,0,0,0,1,0,0,0,0,0,0,0
330,331,Cacnea,331Cacnea.png,0,0,0,0,0,0,0,0,0,1,0,0,0,0,0,0,0,0
331,332,Cacturne,332Cacturne.png,0,1,0,0,0,0,0,0,0,1,0,0,0,0,0,0,0,0
332,333,Swablu,333Swablu.png,0,0,0,0,0,0,0,1,0,0,0,0,1,0,0,0,0,0
333,334,Altaria,334Altaria.png,0,0,1,0,0,0,0,1,0,0,0,0,0,0,0,0,0,0
334,335,Zangoose,335Zangoose.png,0,0,0,0,0,0,0,0,0,0,0,0,1,0,0,0,0,0
335,336,Seviper,336Seviper.png,0,0,0,0,0,0,0,0,0,0,0,0,0,1,0,0,0,0
336,337,Lunatone,337Lunatone.png,0,0,0,0,0,0,0,0,0,0,0,0,0,0,1,1,0,0
337,338,Solrock,338Solrock.png,0,0,0,0,0,0,0,0,0,0,0,0,0,0,1,1,0,0
338,339,Barboach,339Barboach.png,0,0,0,0,0,0,0,0,0,0,1,0,0,0,0,0,0,1
339,340,Whiscash,340Whiscash.png,0,0,0,0,0,0,0,0,0,0,1,0,0,0,0,0,0,1
340,341,Corphish,341Corphish.png,0,0,0,0,0,0,0,0,0,0,0,0,0,0,0,0,0,1
341,342,Crawdaunt,342Crawdaunt.png,0,1,0,0,0,0,0,0,0,0,0,0,0,0,0,0,0,1
342,343,Baltoy,343Baltoy.png,0,0,0,0,0,0,0,0,0,0,1,0,0,0,1,0,0,0
343,344,Claydol,344Claydol.png,0,0,0,0,0,0,0,0,0,0,1,0,0,0,1,0,0,0
344,345,Lileep,345Lileep.png,0,0,0,0,0,0,0,0,0,1,0,0,0,0,0,1,0,0
345,346,Cradily,346Cradily.png,0,0,0,0,0,0,0,0,0,1,0,0,0,0,0,1,0,0
346,347,Anorith,347Anorith.png,1,0,0,0,0,0,0,0,0,0,0,0,0,0,0,1,0,0
347,348,Armaldo,348Armaldo.png,1,0,0,0,0,0,0,0,0,0,0,0,0,0,0,1,0,0
348,349,Feebas,349Feebas.png,0,0,0,0,0,0,0,0,0,0,0,0,0,0,0,0,0,1
349,350,Milotic,350Milotic.png,0,0,0,0,0,0,0,0,0,0,0,0,0,0,0,0,0,1
350,351,Castform,351Castform.png,0,0,0,0,0,0,0,0,0,0,0,0,1,0,0,0,0,0
351,352,Kecleon,352Kecleon.png,0,0,0,0,0,0,0,0,0,0,0,0,1,0,0,0,0,0
352,353,Shuppet,353Shuppet.png,0,0,0,0,0,0,0,0,1,0,0,0,0,0,0,0,0,0
353,354,Banette,354Banette.png,0,0,0,0,0,0,0,0,1,0,0,0,0,0,0,0,0,0
354,355,Duskull,355Duskull.png,0,0,0,0,0,0,0,0,1,0,0,0,0,0,0,0,0,0
355,356,Dusclops,356Dusclops.png,0,0,0,0,0,0,0,0,1,0,0,0,0,0,0,0,0,0
356,357,Tropius,357Tropius.png,0,0,0,0,0,0,0,1,0,1,0,0,0,0,0,0,0,0
357,358,Chimecho,358Chimecho.png,0,0,0,0,0,0,0,0,0,0,0,0,0,0,1,0,0,0
358,359,Absol,359Absol.png,0,1,0,0,0,0,0,0,0,0,0,0,0,0,0,0,0,0
359,360,Wynaut,360Wynaut.png,0,0,0,0,0,0,0,0,0,0,0,0,0,0,1,0,0,0
360,361,Snorunt,361Snorunt.png,0,0,0,0,0,0,0,0,0,0,0,1,0,0,0,0,0,0
361,362,Glalie,362Glalie.png,0,0,0,0,0,0,0,0,0,0,0,1,0,0,0,0,0,0
362,363,Spheal,363Spheal.png,0,0,0,0,0,0,0,0,0,0,0,1,0,0,0,0,0,1
363,364,Sealeo,364Sealeo.png,0,0,0,0,0,0,0,0,0,0,0,1,0,0,0,0,0,1
364,365,Walrein,365Walrein.png,0,0,0,0,0,0,0,0,0,0,0,1,0,0,0,0,0,1
365,366,Clamperl,366Clamperl.png,0,0,0,0,0,0,0,0,0,0,0,0,0,0,0,0,0,1
366,367,Huntail,367Huntail.png,0,0,0,0,0,0,0,0,0,0,0,0,0,0,0,0,0,1
367,368,Gorebyss,368Gorebyss.png,0,0,0,0,0,0,0,0,0,0,0,0,0,0,0,0,0,1
368,369,Relicanth,369Relicanth.png,0,0,0,0,0,0,0,0,0,0,0,0,0,0,0,1,0,1
369,370,Luvdisc,370Luvdisc.png,0,0,0,0,0,0,0,0,0,0,0,0,0,0,0,0,0,1
370,371,Bagon,371Bagon.png,0,0,1,0,0,0,0,0,0,0,0,0,0,0,0,0,0,0
371,372,Shelgon,372Shelgon.png,0,0,1,0,0,0,0,0,0,0,0,0,0,0,0,0,0,0
372,373,Salamence,373Salamence.png,0,0,1,0,0,0,0,1,0,0,0,0,0,0,0,0,0,0
373,374,Beldum,374Beldum.png,0,0,0,0,0,0,0,0,0,0,0,0,0,0,1,0,1,0
374,375,Metang,375Metang.png,0,0,0,0,0,0,0,0,0,0,0,0,0,0,1,0,1,0
375,376,Metagross,376Metagross.png,0,0,0,0,0,0,0,0,0,0,0,0,0,0,1,0,1,0
376,377,Regirock,377Regirock.png,0,0,0,0,0,0,0,0,0,0,0,0,0,0,0,1,0,0
377,378,Regice,378Regice.png,0,0,0,0,0,0,0,0,0,0,0,1,0,0,0,0,0,0
378,379,Registeel,379Registeel.png,0,0,0,0,0,0,0,0,0,0,0,0,0,0,0,0,1,0
379,380,Latias,380Latias.png,0,0,1,0,0,0,0,0,0,0,0,0,0,0,1,0,0,0
380,381,Latios,381Latios.png,0,0,1,0,0,0,0,0,0,0,0,0,0,0,1,0,0,0
381,382,Kyogre,382Kyogre.png,0,0,0,0,0,0,0,0,0,0,0,0,0,0,0,0,0,1
382,383,Groudon,383Groudon.png,0,0,0,0,0,0,0,0,0,0,1,0,0,0,0,0,0,0
383,384,Rayquaza,384Rayquaza.png,0,0,1,0,0,0,0,1,0,0,0,0,0,0,0,0,0,0
384,385,Jirachi,385Jirachi.png,0,0,0,0,0,0,0,0,0,0,0,0,0,0,1,0,1,0
385,386,Deoxys,386Deoxys.png,0,0,0,0,0,0,0,0,0,0,0,0,0,0,1,0,0,0
386,387,Turtwig,387Turtwig.png,0,0,0,0,0,0,0,0,0,1,0,0,0,0,0,0,0,0
387,388,Grotle,388Grotle.png,0,0,0,0,0,0,0,0,0,1,0,0,0,0,0,0,0,0
388,389,Torterra,389Torterra.png,0,0,0,0,0,0,0,0,0,1,1,0,0,0,0,0,0,0
389,390,Chimchar,390Chimchar.png,0,0,0,0,0,0,1,0,0,0,0,0,0,0,0,0,0,0
390,391,Monferno,391Monferno.png,0,0,0,0,0,1,1,0,0,0,0,0,0,0,0,0,0,0
391,392,Infernape,392Infernape.png,0,0,0,0,0,1,1,0,0,0,0,0,0,0,0,0,0,0
392,393,Piplup,393Piplup.png,0,0,0,0,0,0,0,0,0,0,0,0,0,0,0,0,0,1
393,394,Prinplup,394Prinplup.png,0,0,0,0,0,0,0,0,0,0,0,0,0,0,0,0,0,1
394,395,Empoleon,395Empoleon.png,0,0,0,0,0,0,0,0,0,0,0,0,0,0,0,0,1,1
395,396,Starly,396Starly.png,0,0,0,0,0,0,0,1,0,0,0,0,1,0,0,0,0,0
396,397,Staravia,397Staravia.png,0,0,0,0,0,0,0,1,0,0,0,0,1,0,0,0,0,0
397,398,Staraptor,398Staraptor.png,0,0,0,0,0,0,0,1,0,0,0,0,1,0,0,0,0,0
398,399,Bidoof,399Bidoof.png,0,0,0,0,0,0,0,0,0,0,0,0,1,0,0,0,0,0
399,400,Bibarel,400Bibarel.png,0,0,0,0,0,0,0,0,0,0,0,0,1,0,0,0,0,1
400,401,Kricketot,401Kricketot.png,1,0,0,0,0,0,0,0,0,0,0,0,0,0,0,0,0,0
401,402,Kricketune,402Kricketune.png,1,0,0,0,0,0,0,0,0,0,0,0,0,0,0,0,0,0
402,403,Shinx,403Shinx.png,0,0,0,1,0,0,0,0,0,0,0,0,0,0,0,0,0,0
403,404,Luxio,404Luxio.png,0,0,0,1,0,0,0,0,0,0,0,0,0,0,0,0,0,0
404,405,Luxray,405Luxray.png,0,0,0,1,0,0,0,0,0,0,0,0,0,0,0,0,0,0
405,406,Budew,406Budew.png,0,0,0,0,0,0,0,0,0,1,0,0,0,1,0,0,0,0
406,407,Roserade,407Roserade.png,0,0,0,0,0,0,0,0,0,1,0,0,0,1,0,0,0,0
407,408,Cranidos,408Cranidos.png,0,0,0,0,0,0,0,0,0,0,0,0,0,0,0,1,0,0
408,409,Rampardos,409Rampardos.png,0,0,0,0,0,0,0,0,0,0,0,0,0,0,0,1,0,0
409,410,Shieldon,410Shieldon.png,0,0,0,0,0,0,0,0,0,0,0,0,0,0,0,1,1,0
410,411,Bastiodon,411Bastiodon.png,0,0,0,0,0,0,0,0,0,0,0,0,0,0,0,1,1,0
411,412,Burmy,412Burmy-Plant.png,1,0,0,0,0,0,0,0,0,0,0,0,0,0,0,0,0,0
412,413,Wormadam,413Wormadam-Plant.png,1,0,0,0,0,0,0,0,0,1,0,0,0,0,0,0,0,0
413,414,Mothim,414Mothim.png,1,0,0,0,0,0,0,1,0,0,0,0,0,0,0,0,0,0
414,415,Combee,415Combee.png,1,0,0,0,0,0,0,1,0,0,0,0,0,0,0,0,0,0
415,416,Vespiquen,416Vespiquen.png,1,0,0,0,0,0,0,1,0,0,0,0,0,0,0,0,0,0
416,417,Pachirisu,417Pachirisu.png,0,0,0,1,0,0,0,0,0,0,0,0,0,0,0,0,0,0
417,418,Buizel,418Buizel.png,0,0,0,0,0,0,0,0,0,0,0,0,0,0,0,0,0,1
418,419,Floatzel,419Floatzel.png,0,0,0,0,0,0,0,0,0,0,0,0,0,0,0,0,0,1
419,420,Cherubi,420Cherubi.png,0,0,0,0,0,0,0,0,0,1,0,0,0,0,0,0,0,0
420,421,Cherrim,421Cherrim-Overcast.png,0,0,0,0,0,0,0,0,0,1,0,0,0,0,0,0,0,0
421,422,Shellos,422Shellos.png,0,0,0,0,0,0,0,0,0,0,0,0,0,0,0,0,0,1
422,423,Gastrodon,423Gastrodon.png,0,0,0,0,0,0,0,0,0,0,1,0,0,0,0,0,0,1
423,424,Ambipom,424Ambipom.png,0,0,0,0,0,0,0,0,0,0,0,0,1,0,0,0,0,0
424,425,Drifloon,425Drifloon.png,0,0,0,0,0,0,0,1,1,0,0,0,0,0,0,0,0,0
425,426,Drifblim,426Drifblim.png,0,0,0,0,0,0,0,1,1,0,0,0,0,0,0,0,0,0
426,427,Buneary,427Buneary.png,0,0,0,0,0,0,0,0,0,0,0,0,1,0,0,0,0,0
427,428,Lopunny,428Lopunny.png,0,0,0,0,0,0,0,0,0,0,0,0,1,0,0,0,0,0
428,429,Mismagius,429Mismagius.png,0,0,0,0,0,0,0,0,1,0,0,0,0,0,0,0,0,0
429,430,Honchkrow,430Honchkrow.png,0,1,0,0,0,0,0,1,0,0,0,0,0,0,0,0,0,0
430,431,Glameow,431Glameow.png,0,0,0,0,0,0,0,0,0,0,0,0,1,0,0,0,0,0
431,432,Purugly,432Purugly.png,0,0,0,0,0,0,0,0,0,0,0,0,1,0,0,0,0,0
432,433,Chingling,433Chingling.png,0,0,0,0,0,0,0,0,0,0,0,0,0,0,1,0,0,0
433,434,Stunky,434Stunky.png,0,1,0,0,0,0,0,0,0,0,0,0,0,1,0,0,0,0
434,435,Skuntank,435Skuntank.png,0,1,0,0,0,0,0,0,0,0,0,0,0,1,0,0,0,0
435,436,Bronzor,436Bronzor.png,0,0,0,0,0,0,0,0,0,0,0,0,0,0,1,0,1,0
436,437,Bronzong,437Bronzong.png,0,0,0,0,0,0,0,0,0,0,0,0,0,0,1,0,1,0
437,438,Bonsly,438Bonsly.png,0,0,0,0,0,0,0,0,0,0,0,0,0,0,0,1,0,0
438,439,Mime Jr.,439Mime_Jr.png,0,0,0,0,1,0,0,0,0,0,0,0,0,0,1,0,0,0
439,440,Happiny,440Happiny.png,0,0,0,0,0,0,0,0,0,0,0,0,1,0,0,0,0,0
440,441,Chatot,441Chatot.png,0,0,0,0,0,0,0,1,0,0,0,0,1,0,0,0,0,0
441,442,Spiritomb,442Spiritomb.png,0,1,0,0,0,0,0,0,1,0,0,0,0,0,0,0,0,0
442,443,Gible,443Gible.png,0,0,1,0,0,0,0,0,0,0,1,0,0,0,0,0,0,0
443,444,Gabite,444Gabite.png,0,0,1,0,0,0,0,0,0,0,1,0,0,0,0,0,0,0
444,445,Garchomp,445Garchomp.png,0,0,1,0,0,0,0,0,0,0,1,0,0,0,0,0,0,0
445,446,Munchlax,446Munchlax.png,0,0,0,0,0,0,0,0,0,0,0,0,1,0,0,0,0,0
446,447,Riolu,447Riolu.png,0,0,0,0,0,1,0,0,0,0,0,0,0,0,0,0,0,0
447,448,Lucario,448Lucario.png,0,0,0,0,0,1,0,0,0,0,0,0,0,0,0,0,1,0
448,449,Hippopotas,449Hippopotas.png,0,0,0,0,0,0,0,0,0,0,1,0,0,0,0,0,0,0
449,450,Hippowdon,450Hippowdon.png,0,0,0,0,0,0,0,0,0,0,1,0,0,0,0,0,0,0
450,451,Skorupi,451Skorupi.png,1,0,0,0,0,0,0,0,0,0,0,0,0,1,0,0,0,0
451,452,Drapion,452Drapion.png,0,1,0,0,0,0,0,0,0,0,0,0,0,1,0,0,0,0
452,453,Croagunk,453Croagunk.png,0,0,0,0,0,1,0,0,0,0,0,0,0,1,0,0,0,0
453,454,Toxicroak,454Toxicroak.png,0,0,0,0,0,1,0,0,0,0,0,0,0,1,0,0,0,0
454,455,Carnivine,455Carnivine.png,0,0,0,0,0,0,0,0,0,1,0,0,0,0,0,0,0,0
455,456,Finneon,456Finneon.png,0,0,0,0,0,0,0,0,0,0,0,0,0,0,0,0,0,1
456,457,Lumineon,457Lumineon.png,0,0,0,0,0,0,0,0,0,0,0,0,0,0,0,0,0,1
457,458,Mantyke,458Mantyke.png,0,0,0,0,0,0,0,1,0,0,0,0,0,0,0,0,0,1
458,459,Snover,459Snover.png,0,0,0,0,0,0,0,0,0,1,0,1,0,0,0,0,0,0
459,460,Abomasnow,460Abomasnow.png,0,0,0,0,0,0,0,0,0,1,0,1,0,0,0,0,0,0
460,461,Weavile,461Weavile.png,0,1,0,0,0,0,0,0,0,0,0,1,0,0,0,0,0,0
461,462,Magnezone,462Magnezone.png,0,0,0,1,0,0,0,0,0,0,0,0,0,0,0,0,1,0
462,463,Lickilicky,463Lickilicky.png,0,0,0,0,0,0,0,0,0,0,0,0,1,0,0,0,0,0
463,464,Rhyperior,464Rhyperior.png,0,0,0,0,0,0,0,0,0,0,1,0,0,0,0,1,0,0
464,465,Tangrowth,465Tangrowth.png,0,0,0,0,0,0,0,0,0,1,0,0,0,0,0,0,0,0
465,466,Electivire,466Electivire.png,0,0,0,1,0,0,0,0,0,0,0,0,0,0,0,0,0,0
466,467,Magmortar,467Magmortar.png,0,0,0,0,0,0,1,0,0,0,0,0,0,0,0,0,0,0
467,468,Togekiss,468Togekiss.png,0,0,0,0,1,0,0,1,0,0,0,0,0,0,0,0,0,0
468,469,Yanmega,469Yanmega.png,1,0,0,0,0,0,0,1,0,0,0,0,0,0,0,0,0,0
469,470,Leafeon,470Leafeon.png,0,0,0,0,0,0,0,0,0,1,0,0,0,0,0,0,0,0
470,471,Glaceon,471Glaceon.png,0,0,0,0,0,0,0,0,0,0,0,1,0,0,0,0,0,0
471,472,Gliscor,472Gliscor.png,0,0,0,0,0,0,0,1,0,0,1,0,0,0,0,0,0,0
472,473,Mamoswine,473Mamoswine.png,0,0,0,0,0,0,0,0,0,0,1,1,0,0,0,0,0,0
473,474,Porygon-Z,474Porygon-Z.png,0,0,0,0,0,0,0,0,0,0,0,0,1,0,0,0,0,0
474,475,Gallade,475Gallade.png,0,0,0,0,0,1,0,0,0,0,0,0,0,0,1,0,0,0
475,476,Probopass,476Probopass.png,0,0,0,0,0,0,0,0,0,0,0,0,0,0,0,1,1,0
476,477,Dusknoir,477Dusknoir.png,0,0,0,0,0,0,0,0,1,0,0,0,0,0,0,0,0,0
477,478,Froslass,478Froslass.png,0,0,0,0,0,0,0,0,1,0,0,1,0,0,0,0,0,0
478,479,Rotom,479Rotom.png,0,0,0,1,0,0,0,0,1,0,0,0,0,0,0,0,0,0
479,480,Uxie,480Uxie.png,0,0,0,0,0,0,0,0,0,0,0,0,0,0,1,0,0,0
480,481,Mesprit,481Mesprit.png,0,0,0,0,0,0,0,0,0,0,0,0,0,0,1,0,0,0
481,482,Azelf,482Azelf.png,0,0,0,0,0,0,0,0,0,0,0,0,0,0,1,0,0,0
482,483,Dialga,483Dialga.png,0,0,1,0,0,0,0,0,0,0,0,0,0,0,0,0,1,0
483,484,Palkia,484Palkia.png,0,0,1,0,0,0,0,0,0,0,0,0,0,0,0,0,0,1
484,485,Heatran,485Heatran.png,0,0,0,0,0,0,1,0,0,0,0,0,0,0,0,0,1,0
485,486,Regigigas,486Regigigas.png,0,0,0,0,0,0,0,0,0,0,0,0,1,0,0,0,0,0
486,487,Giratina,487Giratina-Altered.png,0,0,1,0,0,0,0,0,1,0,0,0,0,0,0,0,0,0
487,488,Cresselia,488Cresselia.png,0,0,0,0,0,0,0,0,0,0,0,0,0,0,1,0,0,0
488,489,Phione,489Phione.png,0,0,0,0,0,0,0,0,0,0,0,0,0,0,0,0,0,1
489,490,Manaphy,490Manaphy.png,0,0,0,0,0,0,0,0,0,0,0,0,0,0,0,0,0,1
490,491,Darkrai,491Darkrai.png,0,1,0,0,0,0,0,0,0,0,0,0,0,0,0,0,0,0
491,492,Shaymin,492Shaymin-Land.png,0,0,0,0,0,0,0,0,0,1,0,0,0,0,0,0,0,0
492,493,Arceus,493Arceus.png,0,0,0,0,0,0,0,0,0,0,0,0,1,0,0,0,0,0
493,494,Victini,494Victini.png,0,0,0,0,0,0,1,0,0,0,0,0,0,0,1,0,0,0
494,495,Snivy,495Snivy.png,0,0,0,0,0,0,0,0,0,1,0,0,0,0,0,0,0,0
495,496,Servine,496Servine.png,0,0,0,0,0,0,0,0,0,1,0,0,0,0,0,0,0,0
496,497,Serperior,497Serperior.png,0,0,0,0,0,0,0,0,0,1,0,0,0,0,0,0,0,0
497,498,Tepig,498Tepig.png,0,0,0,0,0,0,1,0,0,0,0,0,0,0,0,0,0,0
498,499,Pignite,499Pignite.png,0,0,0,0,0,1,1,0,0,0,0,0,0,0,0,0,0,0
499,500,Emboar,500Emboar.png,0,0,0,0,0,1,1,0,0,0,0,0,0,0,0,0,0,0
500,501,Oshawott,501Oshawott.png,0,0,0,0,0,0,0,0,0,0,0,0,0,0,0,0,0,1
501,502,Dewott,502Dewott.png,0,0,0,0,0,0,0,0,0,0,0,0,0,0,0,0,0,1
502,503,Samurott,503Samurott.png,0,0,0,0,0,0,0,0,0,0,0,0,0,0,0,0,0,1
503,504,Patrat,504Patrat.png,0,0,0,0,0,0,0,0,0,0,0,0,1,0,0,0,0,0
504,505,Watchog,505Watchog.png,0,0,0,0,0,0,0,0,0,0,0,0,1,0,0,0,0,0
505,506,Lillipup,506Lillipup.png,0,0,0,0,0,0,0,0,0,0,0,0,1,0,0,0,0,0
506,507,Herdier,507Herdier.png,0,0,0,0,0,0,0,0,0,0,0,0,1,0,0,0,0,0
507,508,Stoutland,508Stoutland.png,0,0,0,0,0,0,0,0,0,0,0,0,1,0,0,0,0,0
508,509,Purrloin,509Purrloin.png,0,1,0,0,0,0,0,0,0,0,0,0,0,0,0,0,0,0
509,510,Liepard,510Liepard.png,0,1,0,0,0,0,0,0,0,0,0,0,0,0,0,0,0,0
510,511,Pansage,511Pansage.png,0,0,0,0,0,0,0,0,0,1,0,0,0,0,0,0,0,0
511,512,Simisage,512Simisage.png,0,0,0,0,0,0,0,0,0,1,0,0,0,0,0,0,0,0
512,513,Pansear,513Pansear.png,0,0,0,0,0,0,1,0,0,0,0,0,0,0,0,0,0,0
513,514,Simisear,514Simisear.png,0,0,0,0,0,0,1,0,0,0,0,0,0,0,0,0,0,0
514,515,Panpour,515Panpour.png,0,0,0,0,0,0,0,0,0,0,0,0,0,0,0,0,0,1
515,516,Simipour,516Simipour.png,0,0,0,0,0,0,0,0,0,0,0,0,0,0,0,0,0,1
516,517,Munna,517Munna.png,0,0,0,0,0,0,0,0,0,0,0,0,0,0,1,0,0,0
517,518,Musharna,518Musharna.png,0,0,0,0,0,0,0,0,0,0,0,0,0,0,1,0,0,0
518,519,Pidove,519Pidove.png,0,0,0,0,0,0,0,1,0,0,0,0,1,0,0,0,0,0
519,520,Tranquill,520Tranquill.png,0,0,0,0,0,0,0,1,0,0,0,0,1,0,0,0,0,0
520,521,Unfezant,521Unfezant.png,0,0,0,0,0,0,0,1,0,0,0,0,1,0,0,0,0,0
521,522,Blitzle,522Blitzle.png,0,0,0,1,0,0,0,0,0,0,0,0,0,0,0,0,0,0
522,523,Zebstrika,523Zebstrika.png,0,0,0,1,0,0,0,0,0,0,0,0,0,0,0,0,0,0
523,524,Roggenrola,524Roggenrola.png,0,0,0,0,0,0,0,0,0,0,0,0,0,0,0,1,0,0
524,525,Boldore,525Boldore.png,0,0,0,0,0,0,0,0,0,0,0,0,0,0,0,1,0,0
525,526,Gigalith,526Gigalith.png,0,0,0,0,0,0,0,0,0,0,0,0,0,0,0,1,0,0
526,527,Woobat,527Woobat.png,0,0,0,0,0,0,0,1,0,0,0,0,0,0,1,0,0,0
527,528,Swoobat,528Swoobat.png,0,0,0,0,0,0,0,1,0,0,0,0,0,0,1,0,0,0
528,529,Drilbur,529Drilbur.png,0,0,0,0,0,0,0,0,0,0,1,0,0,0,0,0,0,0
529,530,Excadrill,530Excadrill.png,0,0,0,0,0,0,0,0,0,0,1,0,0,0,0,0,1,0
530,531,Audino,531Audino.png,0,0,0,0,0,0,0,0,0,0,0,0,1,0,0,0,0,0
531,532,Timburr,532Timburr.png,0,0,0,0,0,1,0,0,0,0,0,0,0,0,0,0,0,0
532,533,Gurdurr,533Gurdurr.png,0,0,0,0,0,1,0,0,0,0,0,0,0,0,0,0,0,0
533,534,Conkeldurr,534Conkeldurr.png,0,0,0,0,0,1,0,0,0,0,0,0,0,0,0,0,0,0
534,535,Tympole,535Tympole.png,0,0,0,0,0,0,0,0,0,0,0,0,0,0,0,0,0,1
535,536,Palpitoad,536Palpitoad.png,0,0,0,0,0,0,0,0,0,0,1,0,0,0,0,0,0,1
536,537,Seismitoad,537Seismitoad.png,0,0,0,0,0,0,0,0,0,0,1,0,0,0,0,0,0,1
537,538,Throh,538Throh.png,0,0,0,0,0,1,0,0,0,0,0,0,0,0,0,0,0,0
538,539,Sawk,539Sawk.png,0,0,0,0,0,1,0,0,0,0,0,0,0,0,0,0,0,0
539,540,Sewaddle,540Sewaddle.png,1,0,0,0,0,0,0,0,0,1,0,0,0,0,0,0,0,0
540,541,Swadloon,541Swadloon.png,1,0,0,0,0,0,0,0,0,1,0,0,0,0,0,0,0,0
541,542,Leavanny,542Leavanny.png,1,0,0,0,0,0,0,0,0,1,0,0,0,0,0,0,0,0
542,543,Venipede,543Venipede.png,1,0,0,0,0,0,0,0,0,0,0,0,0,1,0,0,0,0
543,544,Whirlipede,544Whirlipede.png,1,0,0,0,0,0,0,0,0,0,0,0,0,1,0,0,0,0
544,545,Scolipede,545Scolipede.png,1,0,0,0,0,0,0,0,0,0,0,0,0,1,0,0,0,0
545,546,Cottonee,546Cottonee.png,0,0,0,0,1,0,0,0,0,1,0,0,0,0,0,0,0,0
546,547,Whimsicott,547Whimsicott.png,0,0,0,0,1,0,0,0,0,1,0,0,0,0,0,0,0,0
547,548,Petilil,548Petilil.png,0,0,0,0,0,0,0,0,0,1,0,0,0,0,0,0,0,0
548,549,Lilligant,549Lilligant.png,0,0,0,0,0,0,0,0,0,1,0,0,0,0,0,0,0,0
549,550,Basculin,550Basculin.png,0,0,0,0,0,0,0,0,0,0,0,0,0,0,0,0,0,1
550,551,Sandile,551Sandile.png,0,1,0,0,0,0,0,0,0,0,1,0,0,0,0,0,0,0
551,552,Krokorok,552Krokorok.png,0,1,0,0,0,0,0,0,0,0,1,0,0,0,0,0,0,0
552,553,Krookodile,553Krookodile.png,0,1,0,0,0,0,0,0,0,0,1,0,0,0,0,0,0,0
553,554,Darumaka,554Darumaka.png,0,0,0,0,0,0,1,0,0,0,0,0,0,0,0,0,0,0
554,555,Darmanitan,555Darmanitan.png,0,0,0,0,0,0,1,0,0,0,0,0,0,0,0,0,0,0
555,556,Maractus,556Maractus.png,0,0,0,0,0,0,0,0,0,1,0,0,0,0,0,0,0,0
556,557,Dwebble,557Dwebble.png,1,0,0,0,0,0,0,0,0,0,0,0,0,0,0,1,0,0
557,558,Crustle,558Crustle.png,1,0,0,0,0,0,0,0,0,0,0,0,0,0,0,1,0,0
558,559,Scraggy,559Scraggy.png,0,1,0,0,0,1,0,0,0,0,0,0,0,0,0,0,0,0
559,560,Scrafty,560Scrafty.png,0,1,0,0,0,1,0,0,0,0,0,0,0,0,0,0,0,0
560,561,Sigilyph,561Sigilyph.png,0,0,0,0,0,0,0,1,0,0,0,0,0,0,1,0,0,0
561,562,Yamask,562Yamask.png,0,0,0,0,0,0,0,0,1,0,0,0,0,0,0,0,0,0
562,563,Cofagrigus,563Cofagrigus.png,0,0,0,0,0,0,0,0,1,0,0,0,0,0,0,0,0,0
563,564,Tirtouga,564Tirtouga.png,0,0,0,0,0,0,0,0,0,0,0,0,0,0,0,1,0,1
564,565,Carracosta,565Carracosta.png,0,0,0,0,0,0,0,0,0,0,0,0,0,0,0,1,0,1
565,566,Archen,566Archen.png,0,0,0,0,0,0,0,1,0,0,0,0,0,0,0,1,0,0
566,567,Archeops,567Archeops.png,0,0,0,0,0,0,0,1,0,0,0,0,0,0,0,1,0,0
567,568,Trubbish,568Trubbish.png,0,0,0,0,0,0,0,0,0,0,0,0,0,1,0,0,0,0
568,569,Garbodor,569Garbodor.png,0,0,0,0,0,0,0,0,0,0,0,0,0,1,0,0,0,0
569,570,Zorua,570Zorua.png,0,1,0,0,0,0,0,0,0,0,0,0,0,0,0,0,0,0
570,571,Zoroark,571Zoroark.png,0,1,0,0,0,0,0,0,0,0,0,0,0,0,0,0,0,0
571,572,Minccino,572Minccino.png,0,0,0,0,0,0,0,0,0,0,0,0,1,0,0,0,0,0
572,573,Cinccino,573Cinccino.png,0,0,0,0,0,0,0,0,0,0,0,0,1,0,0,0,0,0
573,574,Gothita,574Gothita.png,0,0,0,0,0,0,0,0,0,0,0,0,0,0,1,0,0,0
574,575,Gothorita,575Gothorita.png,0,0,0,0,0,0,0,0,0,0,0,0,0,0,1,0,0,0
575,576,Gothitelle,576Gothitelle.png,0,0,0,0,0,0,0,0,0,0,0,0,0,0,1,0,0,0
576,577,Solosis,577Solosis.png,0,0,0,0,0,0,0,0,0,0,0,0,0,0,1,0,0,0
577,578,Duosion,578Duosion.png,0,0,0,0,0,0,0,0,0,0,0,0,0,0,1,0,0,0
578,579,Reuniclus,579Reuniclus.png,0,0,0,0,0,0,0,0,0,0,0,0,0,0,1,0,0,0
579,580,Ducklett,580Ducklett.png,0,0,0,0,0,0,0,1,0,0,0,0,0,0,0,0,0,1
580,581,Swanna,581Swanna.png,0,0,0,0,0,0,0,1,0,0,0,0,0,0,0,0,0,1
581,582,Vanillite,582Vanillite.png,0,0,0,0,0,0,0,0,0,0,0,1,0,0,0,0,0,0
582,583,Vanillish,583Vanillish.png,0,0,0,0,0,0,0,0,0,0,0,1,0,0,0,0,0,0
583,584,Vanilluxe,584Vanilluxe.png,0,0,0,0,0,0,0,0,0,0,0,1,0,0,0,0,0,0
584,585,Deerling,585Deerling-Spring.png,0,0,0,0,0,0,0,0,0,1,0,0,1,0,0,0,0,0
585,586,Sawsbuck,586Sawsbuck-Spring.png,0,0,0,0,0,0,0,0,0,1,0,0,1,0,0,0,0,0
586,587,Emolga,587Emolga.png,0,0,0,1,0,0,0,1,0,0,0,0,0,0,0,0,0,0
587,588,Karrablast,588Karrablast.png,1,0,0,0,0,0,0,0,0,0,0,0,0,0,0,0,0,0
588,589,Escavalier,589Escavalier.png,1,0,0,0,0,0,0,0,0,0,0,0,0,0,0,0,1,0
589,590,Foongus,590Foongus.png,0,0,0,0,0,0,0,0,0,1,0,0,0,1,0,0,0,0
590,591,Amoonguss,591Amoonguss.png,0,0,0,0,0,0,0,0,0,1,0,0,0,1,0,0,0,0
591,592,Frillish,592Frillish.png,0,0,0,0,0,0,0,0,1,0,0,0,0,0,0,0,0,1
592,593,Jellicent,593Jellicent.png,0,0,0,0,0,0,0,0,1,0,0,0,0,0,0,0,0,1
593,594,Alomomola,594Alomomola.png,0,0,0,0,0,0,0,0,0,0,0,0,0,0,0,0,0,1
594,595,Joltik,595Joltik.png,1,0,0,1,0,0,0,0,0,0,0,0,0,0,0,0,0,0
595,596,Galvantula,596Galvantula.png,1,0,0,1,0,0,0,0,0,0,0,0,0,0,0,0,0,0
596,597,Ferroseed,597Ferroseed.png,0,0,0,0,0,0,0,0,0,1,0,0,0,0,0,0,1,0
597,598,Ferrothorn,598Ferrothorn.png,0,0,0,0,0,0,0,0,0,1,0,0,0,0,0,0,1,0
598,599,Klink,599Klink.png,0,0,0,0,0,0,0,0,0,0,0,0,0,0,0,0,1,0
599,600,Klang,600Klang.png,0,0,0,0,0,0,0,0,0,0,0,0,0,0,0,0,1,0
600,601,Klinklang,601Klinklang.png,0,0,0,0,0,0,0,0,0,0,0,0,0,0,0,0,1,0
601,602,Tynamo,602Tynamo.png,0,0,0,1,0,0,0,0,0,0,0,0,0,0,0,0,0,0
602,603,Eelektrik,603Eelektrik.png,0,0,0,1,0,0,0,0,0,0,0,0,0,0,0,0,0,0
603,604,Eelektross,604Eelektross.png,0,0,0,1,0,0,0,0,0,0,0,0,0,0,0,0,0,0
604,605,Elgyem,605Elgyem.png,0,0,0,0,0,0,0,0,0,0,0,0,0,0,1,0,0,0
605,606,Beheeyem,606Beheeyem.png,0,0,0,0,0,0,0,0,0,0,0,0,0,0,1,0,0,0
606,607,Litwick,607Litwick.png,0,0,0,0,0,0,1,0,1,0,0,0,0,0,0,0,0,0
607,608,Lampent,608Lampent.png,0,0,0,0,0,0,1,0,1,0,0,0,0,0,0,0,0,0
608,609,Chandelure,609Chandelure.png,0,0,0,0,0,0,1,0,1,0,0,0,0,0,0,0,0,0
609,610,Axew,610Axew.png,0,0,1,0,0,0,0,0,0,0,0,0,0,0,0,0,0,0
610,611,Fraxure,611Fraxure.png,0,0,1,0,0,0,0,0,0,0,0,0,0,0,0,0,0,0
611,612,Haxorus,612Haxorus.png,0,0,1,0,0,0,0,0,0,0,0,0,0,0,0,0,0,0
612,613,Cubchoo,613Cubchoo.png,0,0,0,0,0,0,0,0,0,0,0,1,0,0,0,0,0,0
613,614,Beartic,614Beartic.png,0,0,0,0,0,0,0,0,0,0,0,1,0,0,0,0,0,0
614,615,Cryogonal,615Cryogonal.png,0,0,0,0,0,0,0,0,0,0,0,1,0,0,0,0,0,0
615,616,Shelmet,616Shelmet.png,1,0,0,0,0,0,0,0,0,0,0,0,0,0,0,0,0,0
616,617,Accelgor,617Accelgor.png,1,0,0,0,0,0,0,0,0,0,0,0,0,0,0,0,0,0
617,618,Stunfisk,618Stunfisk.png,0,0,0,1,0,0,0,0,0,0,1,0,0,0,0,0,0,0
618,619,Mienfoo,619Mienfoo.png,0,0,0,0,0,1,0,0,0,0,0,0,0,0,0,0,0,0
619,620,Mienshao,620Mienshao.png,0,0,0,0,0,1,0,0,0,0,0,0,0,0,0,0,0,0
620,621,Druddigon,621Druddigon.png,0,0,1,0,0,0,0,0,0,0,0,0,0,0,0,0,0,0
621,622,Golett,622Golett.png,0,0,0,0,0,0,0,0,1,0,1,0,0,0,0,0,0,0
622,623,Golurk,623Golurk.png,0,0,0,0,0,0,0,0,1,0,1,0,0,0,0,0,0,0
623,624,Pawniard,624Pawniard.png,0,1,0,0,0,0,0,0,0,0,0,0,0,0,0,0,1,0
624,625,Bisharp,625Bisharp.png,0,1,0,0,0,0,0,0,0,0,0,0,0,0,0,0,1,0
625,626,Bouffalant,626Bouffalant.png,0,0,0,0,0,0,0,0,0,0,0,0,1,0,0,0,0,0
626,627,Rufflet,627Rufflet.png,0,0,0,0,0,0,0,1,0,0,0,0,1,0,0,0,0,0
627,628,Braviary,628Braviary.png,0,0,0,0,0,0,0,1,0,0,0,0,1,0,0,0,0,0
628,629,Vullaby,629Vullaby.png,0,1,0,0,0,0,0,1,0,0,0,0,0,0,0,0,0,0
629,630,Mandibuzz,630Mandibuzz.png,0,1,0,0,0,0,0,1,0,0,0,0,0,0,0,0,0,0
630,631,Heatmor,631Heatmor.png,0,0,0,0,0,0,1,0,0,0,0,0,0,0,0,0,0,0
631,632,Durant,632Durant.png,1,0,0,0,0,0,0,0,0,0,0,0,0,0,0,0,1,0
632,633,Deino,633Deino.png,0,1,1,0,0,0,0,0,0,0,0,0,0,0,0,0,0,0
633,634,Zweilous,634Zweilous.png,0,1,1,0,0,0,0,0,0,0,0,0,0,0,0,0,0,0
634,635,Hydreigon,635Hydreigon.png,0,1,1,0,0,0,0,0,0,0,0,0,0,0,0,0,0,0
635,636,Larvesta,636Larvesta.png,1,0,0,0,0,0,1,0,0,0,0,0,0,0,0,0,0,0
636,637,Volcarona,637Volcarona.png,1,0,0,0,0,0,1,0,0,0,0,0,0,0,0,0,0,0
637,638,Cobalion,638Cobalion.png,0,0,0,0,0,1,0,0,0,0,0,0,0,0,0,0,1,0
638,639,Terrakion,639Terrakion.png,0,0,0,0,0,1,0,0,0,0,0,0,0,0,0,1,0,0
639,640,Virizion,640Virizion.png,0,0,0,0,0,1,0,0,0,1,0,0,0,0,0,0,0,0
640,641,Tornadus,641Tornadus.png,0,0,0,0,0,0,0,1,0,0,0,0,0,0,0,0,0,0
641,642,Thundurus,642Thundurus.png,0,0,0,1,0,0,0,1,0,0,0,0,0,0,0,0,0,0
642,643,Reshiram,643Reshiram.png,0,0,1,0,0,0,1,0,0,0,0,0,0,0,0,0,0,0
643,644,Zekrom,644Zekrom.png,0,0,1,1,0,0,0,0,0,0,0,0,0,0,0,0,0,0
644,645,Landorus,645Landorus.png,0,0,0,0,0,0,0,1,0,0,1,0,0,0,0,0,0,0
645,646,Kyurem,646Kyurem.png,0,0,1,0,0,0,0,0,0,0,0,1,0,0,0,0,0,0
646,647,Keldeo,647Keldeo.png,0,0,0,0,0,1,0,0,0,0,0,0,0,0,0,0,0,1
647,648,Meloetta,648Meloetta.png,0,0,0,0,0,0,0,0,0,0,0,0,1,0,1,0,0,0
648,649,Genesect,649Genesect.png,1,0,0,0,0,0,0,0,0,0,0,0,0,0,0,0,1,0
649,650,Chespin,650Chespin.png,0,0,0,0,0,0,0,0,0,1,0,0,0,0,0,0,0,0
650,651,Quilladin,651Quilladin.png,0,0,0,0,0,0,0,0,0,1,0,0,0,0,0,0,0,0
651,652,Chesnaught,652Chesnaught.png,0,0,0,0,0,1,0,0,0,1,0,0,0,0,0,0,0,0
652,653,Fennekin,653Fennekin.png,0,0,0,0,0,0,1,0,0,0,0,0,0,0,0,0,0,0
653,654,Braixen,654Braixen.png,0,0,0,0,0,0,1,0,0,0,0,0,0,0,0,0,0,0
654,655,Delphox,655Delphox.png,0,0,0,0,0,0,1,0,0,0,0,0,0,0,1,0,0,0
655,656,Froakie,656Froakie.png,0,0,0,0,0,0,0,0,0,0,0,0,0,0,0,0,0,1
656,657,Frogadier,657Frogadier.png,0,0,0,0,0,0,0,0,0,0,0,0,0,0,0,0,0,1
657,658,Greninja,658Greninja.png,0,1,0,0,0,0,0,0,0,0,0,0,0,0,0,0,0,1
658,659,Bunnelby,659Bunnelby.png,0,0,0,0,0,0,0,0,0,0,0,0,1,0,0,0,0,0
659,660,Diggersby,660Diggersby.png,0,0,0,0,0,0,0,0,0,0,1,0,1,0,0,0,0,0
660,661,Fletchling,661Fletchling.png,0,0,0,0,0,0,0,1,0,0,0,0,1,0,0,0,0,0
661,662,Fletchinder,662Fletchinder.png,0,0,0,0,0,0,1,1,0,0,0,0,0,0,0,0,0,0
662,663,Talonflame,663Talonflame.png,0,0,0,0,0,0,1,1,0,0,0,0,0,0,0,0,0,0
663,664,Scatterbug,664Scatterbug.png,1,0,0,0,0,0,0,0,0,0,0,0,0,0,0,0,0,0
664,665,Spewpa,665Spewpa.png,1,0,0,0,0,0,0,0,0,0,0,0,0,0,0,0,0,0
665,666,Vivillon,666Vivillon.png,1,0,0,0,0,0,0,1,0,0,0,0,0,0,0,0,0,0
666,667,Litleo,667Litleo.png,0,0,0,0,0,0,1,0,0,0,0,0,1,0,0,0,0,0
667,668,Pyroar,668Pyroar.png,0,0,0,0,0,0,1,0,0,0,0,0,1,0,0,0,0,0
668,669,Flabébé,669Flab%C3%A9b%C3%A9.png,0,0,0,0,1,0,0,0,0,0,0,0,0,0,0,0,0,0
669,670,Floette,670Floette.png,0,0,0,0,1,0,0,0,0,0,0,0,0,0,0,0,0,0
670,671,Florges,671Florges.png,0,0,0,0,1,0,0,0,0,0,0,0,0,0,0,0,0,0
671,672,Skiddo,672Skiddo.png,0,0,0,0,0,0,0,0,0,1,0,0,0,0,0,0,0,0
672,673,Gogoat,673Gogoat.png,0,0,0,0,0,0,0,0,0,1,0,0,0,0,0,0,0,0
673,674,Pancham,674Pancham.png,0,0,0,0,0,1,0,0,0,0,0,0,0,0,0,0,0,0
674,675,Pangoro,675Pangoro.png,0,1,0,0,0,1,0,0,0,0,0,0,0,0,0,0,0,0
675,676,Furfrou,676Furfrou.png,0,0,0,0,0,0,0,0,0,0,0,0,1,0,0,0,0,0
676,677,Espurr,677Espurr.png,0,0,0,0,0,0,0,0,0,0,0,0,0,0,1,0,0,0
677,678,Meowstic,678Meowstic.png,0,0,0,0,0,0,0,0,0,0,0,0,0,0,1,0,0,0
678,679,Honedge,679Honedge.png,0,0,0,0,0,0,0,0,1,0,0,0,0,0,0,0,1,0
679,680,Doublade,680Doublade.png,0,0,0,0,0,0,0,0,1,0,0,0,0,0,0,0,1,0
680,681,Aegislash,681Aegislash.png,0,0,0,0,0,0,0,0,1,0,0,0,0,0,0,0,1,0
681,682,Spritzee,682Spritzee.png,0,0,0,0,1,0,0,0,0,0,0,0,0,0,0,0,0,0
682,683,Aromatisse,683Aromatisse.png,0,0,0,0,1,0,0,0,0,0,0,0,0,0,0,0,0,0
683,684,Swirlix,684Swirlix.png,0,0,0,0,1,0,0,0,0,0,0,0,0,0,0,0,0,0
684,685,Slurpuff,685Slurpuff.png,0,0,0,0,1,0,0,0,0,0,0,0,0,0,0,0,0,0
685,686,Inkay,686Inkay.png,0,1,0,0,0,0,0,0,0,0,0,0,0,0,1,0,0,0
686,687,Malamar,687Malamar.png,0,1,0,0,0,0,0,0,0,0,0,0,0,0,1,0,0,0
687,688,Binacle,688Binacle.png,0,0,0,0,0,0,0,0,0,0,0,0,0,0,0,1,0,1
688,689,Barbaracle,689Barbaracle.png,0,0,0,0,0,0,0,0,0,0,0,0,0,0,0,1,0,1
689,690,Skrelp,690Skrelp.png,0,0,0,0,0,0,0,0,0,0,0,0,0,1,0,0,0,1
690,691,Dragalge,691Dragalge.png,0,0,1,0,0,0,0,0,0,0,0,0,0,1,0,0,0,0
691,692,Clauncher,692Clauncher.png,0,0,0,0,0,0,0,0,0,0,0,0,0,0,0,0,0,1
692,693,Clawitzer,693Clawitzer.png,0,0,0,0,0,0,0,0,0,0,0,0,0,0,0,0,0,1
693,694,Helioptile,694Helioptile.png,0,0,0,1,0,0,0,0,0,0,0,0,1,0,0,0,0,0
694,695,Heliolisk,695Heliolisk.png,0,0,0,1,0,0,0,0,0,0,0,0,1,0,0,0,0,0
695,696,Tyrunt,696Tyrunt.png,0,0,1,0,0,0,0,0,0,0,0,0,0,0,0,1,0,0
696,697,Tyrantrum,697Tyrantrum.png,0,0,1,0,0,0,0,0,0,0,0,0,0,0,0,1,0,0
697,698,Amaura,698Amaura.png,0,0,0,0,0,0,0,0,0,0,0,1,0,0,0,1,0,0
698,699,Aurorus,699Aurorus.png,0,0,0,0,0,0,0,0,0,0,0,1,0,0,0,1,0,0
699,700,Sylveon,700Sylveon.png,0,0,0,0,1,0,0,0,0,0,0,0,0,0,0,0,0,0
700,701,Hawlucha,701Hawlucha.png,0,0,0,0,0,1,0,1,0,0,0,0,0,0,0,0,0,0
701,702,Dedenne,702Dedenne.png,0,0,0,1,1,0,0,0,0,0,0,0,0,0,0,0,0,0
702,703,Carbink,703Carbink.png,0,0,0,0,1,0,0,0,0,0,0,0,0,0,0,1,0,0
703,704,Goomy,704Goomy.png,0,0,1,0,0,0,0,0,0,0,0,0,0,0,0,0,0,0
704,705,Sliggoo,705Sliggoo.png,0,0,1,0,0,0,0,0,0,0,0,0,0,0,0,0,0,0
705,706,Goodra,706Goodra.png,0,0,1,0,0,0,0,0,0,0,0,0,0,0,0,0,0,0
706,707,Klefki,707Klefki.png,0,0,0,0,1,0,0,0,0,0,0,0,0,0,0,0,1,0
707,708,Phantump,708Phantump.png,0,0,0,0,0,0,0,0,1,1,0,0,0,0,0,0,0,0
708,709,Trevenant,709Trevenant.png,0,0,0,0,0,0,0,0,1,1,0,0,0,0,0,0,0,0
709,710,Pumpkaboo,710Pumpkaboo.png,0,0,0,0,0,0,0,0,1,1,0,0,0,0,0,0,0,0
710,711,Gourgeist,711Gourgeist.png,0,0,0,0,0,0,0,0,1,1,0,0,0,0,0,0,0,0
711,712,Bergmite,712Bergmite.png,0,0,0,0,0,0,0,0,0,0,0,1,0,0,0,0,0,0
712,713,Avalugg,713Avalugg.png,0,0,0,0,0,0,0,0,0,0,0,1,0,0,0,0,0,0
713,714,Noibat,714Noibat.png,0,0,1,0,0,0,0,1,0,0,0,0,0,0,0,0,0,0
714,715,Noivern,715Noivern.png,0,0,1,0,0,0,0,1,0,0,0,0,0,0,0,0,0,0
715,716,Xerneas,716Xerneas.png,0,0,0,0,1,0,0,0,0,0,0,0,0,0,0,0,0,0
716,717,Yveltal,717Yveltal.png,0,1,0,0,0,0,0,1,0,0,0,0,0,0,0,0,0,0
717,718,Zygarde,718Zygarde.png,0,0,1,0,0,0,0,0,0,0,1,0,0,0,0,0,0,0
718,719,Diancie,719Diancie.png,0,0,0,0,1,0,0,0,0,0,0,0,0,0,0,1,0,0
719,720,Hoopa,720Hoopa.png,0,0,0,0,0,0,0,0,1,0,0,0,0,0,1,0,0,0
720,721,Volcanion,721Volcanion.png,0,0,0,0,0,0,1,0,0,0,0,0,0,0,0,0,0,1
721,722,Rowlet,722Rowlet.png,0,0,0,0,0,0,0,1,0,1,0,0,0,0,0,0,0,0
722,723,Dartrix,723Dartrix.png,0,0,0,0,0,0,0,1,0,1,0,0,0,0,0,0,0,0
723,724,Decidueye,724Decidueye.png,0,0,0,0,0,0,0,0,1,1,0,0,0,0,0,0,0,0
724,725,Litten,725Litten.png,0,0,0,0,0,0,1,0,0,0,0,0,0,0,0,0,0,0
725,726,Torracat,726Torracat.png,0,0,0,0,0,0,1,0,0,0,0,0,0,0,0,0,0,0
726,727,Incineroar,727Incineroar.png,0,1,0,0,0,0,1,0,0,0,0,0,0,0,0,0,0,0
727,728,Popplio,728Popplio.png,0,0,0,0,0,0,0,0,0,0,0,0,0,0,0,0,0,1
728,729,Brionne,729Brionne.png,0,0,0,0,0,0,0,0,0,0,0,0,0,0,0,0,0,1
729,730,Primarina,730Primarina.png,0,0,0,0,1,0,0,0,0,0,0,0,0,0,0,0,0,1
730,731,Pikipek,731Pikipek.png,0,0,0,0,0,0,0,1,0,0,0,0,1,0,0,0,0,0
731,732,Trumbeak,732Trumbeak.png,0,0,0,0,0,0,0,1,0,0,0,0,1,0,0,0,0,0
732,733,Toucannon,733Toucannon.png,0,0,0,0,0,0,0,1,0,0,0,0,1,0,0,0,0,0
733,734,Yungoos,734Yungoos.png,0,0,0,0,0,0,0,0,0,0,0,0,1,0,0,0,0,0
734,735,Gumshoos,735Gumshoos.png,0,0,0,0,0,0,0,0,0,0,0,0,1,0,0,0,0,0
735,736,Grubbin,736Grubbin.png,1,0,0,0,0,0,0,0,0,0,0,0,0,0,0,0,0,0
736,737,Charjabug,737Charjabug.png,1,0,0,1,0,0,0,0,0,0,0,0,0,0,0,0,0,0
737,738,Vikavolt,738Vikavolt.png,1,0,0,1,0,0,0,0,0,0,0,0,0,0,0,0,0,0
738,739,Crabrawler,739Crabrawler.png,0,0,0,0,0,1,0,0,0,0,0,0,0,0,0,0,0,0
739,740,Crabominable,740Crabominable.png,0,0,0,0,0,1,0,0,0,0,0,1,0,0,0,0,0,0
740,741,Oricorio,741Oricorio-Baile.png,0,0,0,0,0,0,1,1,0,0,0,0,0,0,0,0,0,0
741,742,Cutiefly,742Cutiefly.png,1,0,0,0,1,0,0,0,0,0,0,0,0,0,0,0,0,0
742,743,Ribombee,743Ribombee.png,1,0,0,0,1,0,0,0,0,0,0,0,0,0,0,0,0,0
743,744,Rockruff,744Rockruff.png,0,0,0,0,0,0,0,0,0,0,0,0,0,0,0,1,0,0
744,745,Lycanroc,745Lycanroc.png,0,0,0,0,0,0,0,0,0,0,0,0,0,0,0,1,0,0
745,746,Wishiwashi,746Wishiwashi-Solo.png,0,0,0,0,0,0,0,0,0,0,0,0,0,0,0,0,0,1
746,747,Mareanie,747Mareanie.png,0,0,0,0,0,0,0,0,0,0,0,0,0,1,0,0,0,1
747,748,Toxapex,748Toxapex.png,0,0,0,0,0,0,0,0,0,0,0,0,0,1,0,0,0,1
748,749,Mudbray,749Mudbray.png,0,0,0,0,0,0,0,0,0,0,1,0,0,0,0,0,0,0
749,750,Mudsdale,750Mudsdale.png,0,0,0,0,0,0,0,0,0,0,1,0,0,0,0,0,0,0
750,751,Dewpider,751Dewpider.png,1,0,0,0,0,0,0,0,0,0,0,0,0,0,0,0,0,1
751,752,Araquanid,752Araquanid.png,1,0,0,0,0,0,0,0,0,0,0,0,0,0,0,0,0,1
752,753,Fomantis,753Fomantis.png,0,0,0,0,0,0,0,0,0,1,0,0,0,0,0,0,0,0
753,754,Lurantis,754Lurantis.png,0,0,0,0,0,0,0,0,0,1,0,0,0,0,0,0,0,0
754,755,Morelull,755Morelull.png,0,0,0,0,1,0,0,0,0,1,0,0,0,0,0,0,0,0
755,756,Shiinotic,756Shiinotic.png,0,0,0,0,1,0,0,0,0,1,0,0,0,0,0,0,0,0
756,757,Salandit,757Salandit.png,0,0,0,0,0,0,1,0,0,0,0,0,0,1,0,0,0,0
757,758,Salazzle,758Salazzle.png,0,0,0,0,0,0,1,0,0,0,0,0,0,1,0,0,0,0
758,759,Stufful,759Stufful.png,0,0,0,0,0,1,0,0,0,0,0,0,1,0,0,0,0,0
759,760,Bewear,760Bewear.png,0,0,0,0,0,1,0,0,0,0,0,0,1,0,0,0,0,0
760,761,Bounsweet,761Bounsweet.png,0,0,0,0,0,0,0,0,0,1,0,0,0,0,0,0,0,0
761,762,Steenee,762Steenee.png,0,0,0,0,0,0,0,0,0,1,0,0,0,0,0,0,0,0
762,763,Tsareena,763Tsareena.png,0,0,0,0,0,0,0,0,0,1,0,0,0,0,0,0,0,0
763,764,Comfey,764Comfey.png,0,0,0,0,1,0,0,0,0,0,0,0,0,0,0,0,0,0
764,765,Oranguru,765Oranguru.png,0,0,0,0,0,0,0,0,0,0,0,0,1,0,1,0,0,0
765,766,Passimian,766Passimian.png,0,0,0,0,0,1,0,0,0,0,0,0,0,0,0,0,0,0
766,767,Wimpod,767Wimpod.png,1,0,0,0,0,0,0,0,0,0,0,0,0,0,0,0,0,1
767,768,Golisopod,768Golisopod.png,1,0,0,0,0,0,0,0,0,0,0,0,0,0,0,0,0,1
768,769,Sandygast,769Sandygast.png,0,0,0,0,0,0,0,0,1,0,1,0,0,0,0,0,0,0
769,770,Palossand,770Palossand.png,0,0,0,0,0,0,0,0,1,0,1,0,0,0,0,0,0,0
770,771,Pyukumuku,771Pyukumuku.png,0,0,0,0,0,0,0,0,0,0,0,0,0,0,0,0,0,1
771,772,Type: Null,772Type_Null.png,0,0,0,0,0,0,0,0,0,0,0,0,1,0,0,0,0,0
772,773,Silvally,773Silvally.png,0,0,0,0,0,0,0,0,0,0,0,0,1,0,0,0,0,0
773,774,Minior,774Minior.png,0,0,0,0,0,0,0,1,0,0,0,0,0,0,0,1,0,0
774,775,Komala,775Komala.png,0,0,0,0,0,0,0,0,0,0,0,0,1,0,0,0,0,0
775,776,Turtonator,776Turtonator.png,0,0,1,0,0,0,1,0,0,0,0,0,0,0,0,0,0,0
776,777,Togedemaru,777Togedemaru.png,0,0,0,1,0,0,0,0,0,0,0,0,0,0,0,0,1,0
777,778,Mimikyu,778Mimikyu.png,0,0,0,0,1,0,0,0,1,0,0,0,0,0,0,0,0,0
778,779,Bruxish,779Bruxish.png,0,0,0,0,0,0,0,0,0,0,0,0,0,0,1,0,0,1
779,780,Drampa,780Drampa.png,0,0,1,0,0,0,0,0,0,0,0,0,1,0,0,0,0,0
780,781,Dhelmise,781Dhelmise.png,0,0,0,0,0,0,0,0,1,1,0,0,0,0,0,0,0,0
781,782,Jangmo-o,782Jangmo-o.png,0,0,1,0,0,0,0,0,0,0,0,0,0,0,0,0,0,0
782,783,Hakamo-o,783Hakamo-o.png,0,0,1,0,0,1,0,0,0,0,0,0,0,0,0,0,0,0
783,784,Kommo-o,784Kommo-o.png,0,0,1,0,0,1,0,0,0,0,0,0,0,0,0,0,0,0
784,785,Tapu Koko,785Tapu_Koko.png,0,0,0,1,1,0,0,0,0,0,0,0,0,0,0,0,0,0
785,786,Tapu Lele,786Tapu_Lele.png,0,0,0,0,1,0,0,0,0,0,0,0,0,0,1,0,0,0
786,787,Tapu Bulu,787Tapu_Bulu.png,0,0,0,0,1,0,0,0,0,1,0,0,0,0,0,0,0,0
787,788,Tapu Fini,788Tapu_Fini.png,0,0,0,0,1,0,0,0,0,0,0,0,0,0,0,0,0,1
788,789,Cosmog,789Cosmog.png,0,0,0,0,0,0,0,0,0,0,0,0,0,0,1,0,0,0
789,790,Cosmoem,790Cosmoem.png,0,0,0,0,0,0,0,0,0,0,0,0,0,0,1,0,0,0
790,791,Solgaleo,791Solgaleo.png,0,0,0,0,0,0,0,0,0,0,0,0,0,0,1,0,1,0
791,792,Lunala,792Lunala.png,0,0,0,0,0,0,0,0,1,0,0,0,0,0,1,0,0,0
792,793,Nihilego,793Nihilego.png,0,0,0,0,0,0,0,0,0,0,0,0,0,1,0,1,0,0
793,794,Buzzwole,794Buzzwole.png,1,0,0,0,0,1,0,0,0,0,0,0,0,0,0,0,0,0
794,795,Pheromosa,795Pheromosa.png,1,0,0,0,0,1,0,0,0,0,0,0,0,0,0,0,0,0
795,796,Xurkitree,796Xurkitree.png,0,0,0,1,0,0,0,0,0,0,0,0,0,0,0,0,0,0
796,797,Celesteela,797Celesteela.png,0,0,0,0,0,0,0,1,0,0,0,0,0,0,0,0,1,0
797,798,Kartana,798Kartana.png,0,0,0,0,0,0,0,0,0,1,0,0,0,0,0,0,1,0
798,799,Guzzlord,799Guzzlord.png,0,1,1,0,0,0,0,0,0,0,0,0,0,0,0,0,0,0
799,800,Necrozma,800Necrozma.png,0,0,0,0,0,0,0,0,0,0,0,0,0,0,1,0,0,0
800,801,Magearna,801Magearna.png,0,0,0,0,1,0,0,0,0,0,0,0,0,0,0,0,1,0
801,802,Marshadow,802Marshadow.png,0,0,0,0,0,1,0,0,1,0,0,0,0,0,0,0,0,0
802,803,Poipole,803Poipole.png,0,0,0,0,0,0,0,0,0,0,0,0,0,1,0,0,0,0
803,804,Naganadel,804Naganadel.png,0,0,1,0,0,0,0,0,0,0,0,0,0,1,0,0,0,0
804,805,Stakataka,805Stakataka.png,0,0,0,0,0,0,0,0,0,0,0,0,0,0,0,1,1,0
805,806,Blacephalon,806Blacephalon.png,0,0,0,0,0,0,1,0,1,0,0,0,0,0,0,0,0,0
806,807,Zeraora,807Zeraora.png,0,0,0,1,0,0,0,0,0,0,0,0,0,0,0,0,0,0
807,808,Meltan,808Meltan.png,0,0,0,0,0,0,0,0,0,0,0,0,0,0,0,0,1,0
808,809,Melmetal,809Melmetal.png,0,0,0,0,0,0,0,0,0,0,0,0,0,0,0,0,1,0
